name,chi2,Z,P,P.adjusted,comparisons
chloride_mgl,457.2877437166153,12.829211142978656,5.625191069990534e-38,1.8563130530968763e-36,Lake Banook 2 - Turtle Creek Reservoir
chloride_mgl,457.2877437166153,12.854115970322194,4.077642333794138e-38,2.691243940304131e-36,Lake Banook 1 - Turtle Creek Reservoir
chloride_mgl,457.2877437166153,12.73517363796084,1.885032064534423e-37,4.147070541975731e-36,Lake Banook 1 - Tower Road Reservoir
chloride_mgl,457.2877437166153,12.712038152047084,2.5347832967765014e-37,4.182392439681228e-36,Lake Banook 2 - Tower Road Reservoir
chloride_mgl,457.2877437166153,11.641569875792449,1.2665481560419128e-31,1.6718435659753248e-30,Penhorn Lake - Turtle Creek Reservoir
chloride_mgl,457.2877437166153,11.53996222104479,4.148082511380457e-31,3.4221680718888776e-30,Penhorn Lake - Tower Road Reservoir
chloride_mgl,457.2877437166153,-11.562914115502101,3.175803226570667e-31,3.493383549227734e-30,INP - Lake Banook 1
chloride_mgl,457.2877437166153,-11.541341049871606,4.082117518004449e-31,3.848853659832767e-30,INP - Lake Banook 2
chloride_mgl,457.2877437166153,-10.30415838954667,3.3739863508198887e-25,2.4742566572679184e-24,INP - Penhorn Lake
chloride_mgl,457.2877437166153,9.33223240507433,5.1832037860060885e-21,3.420914498764018e-20,Lake Banook 1 - Lake Fletcher
chloride_mgl,457.2877437166153,9.320435999749824,5.793159843009326e-21,3.4758959058055955e-20,Lake Banook 2 - Lake Fletcher
chloride_mgl,457.2877437166153,-8.040923490836796,4.458195938531954e-16,2.452007766192575e-15,Lake Fletcher - Penhorn Lake
chloride_mgl,457.2877437166153,7.598732201816274,1.495229447915443e-14,7.591164889416863e-14,Shubenacadie Canal - Turtle Creek Reservoir
chloride_mgl,457.2877437166153,7.567691597512406,1.8995730132444555e-14,8.955129919581005e-14,Shubenacadie Canal - Tower Road Reservoir
chloride_mgl,457.2877437166153,7.425884134469636,5.6014517583321404e-14,2.464638773666142e-13,Lake Charles 2 - Turtle Creek Reservoir
chloride_mgl,457.2877437166153,7.389277069374614,7.381462839904158e-14,3.0448534214604654e-13,Lake Charles 2 - Tower Road Reservoir
chloride_mgl,457.2877437166153,-7.314099754677754,1.2955630346786896e-13,4.750397793821861e-13,Cunard Pond - Lake Banook 2
chloride_mgl,457.2877437166153,-7.317030883357754,1.2675876201670703e-13,4.921222525354509e-13,Cunard Pond - Lake Banook 1
chloride_mgl,457.2877437166153,7.2357141371469345,2.3154291297492446e-13,8.04306960860264e-13,Lake Charles 1 - Turtle Creek Reservoir
chloride_mgl,457.2877437166153,7.2026610257982835,2.9524321460207995e-13,9.743026081868637e-13,Lake Charles 1 - Tower Road Reservoir
chloride_mgl,457.2877437166153,-6.859093127100299,3.464952708875428e-12,1.0394858126626284e-11,Kearney Lake - Lake Banook 2
chloride_mgl,457.2877437166153,-6.859416663999875,3.4571149587877496e-12,1.0865218441904355e-11,Kearney Lake - Lake Banook 1
chloride_mgl,457.2877437166153,6.562601852942361,2.643844905997528e-11,7.586685382427689e-11,Kearney Lake - Turtle Creek Reservoir
chloride_mgl,457.2877437166153,6.538783138405895,3.1010689474221736e-11,8.527939605410978e-11,Kearney Lake - Tower Road Reservoir
chloride_mgl,457.2877437166153,6.193169351719382,2.9483156519745473e-10,7.484185885781543e-10,Cunard Pond - Turtle Creek Reservoir
chloride_mgl,457.2877437166153,-6.194314116498482,2.92696899201546e-10,7.727198138920815e-10,INP - Shubenacadie Canal
chloride_mgl,457.2877437166153,6.174628888334547,3.315953047102637e-10,8.105663004028669e-10,Cunard Pond - Tower Road Reservoir
chloride_mgl,457.2877437166153,6.01126158800402,9.204254233925791e-10,2.0947613084106975e-9,Lake Banook 1 - Lake Charles 1
chloride_mgl,457.2877437166153,6.015675354587021,8.956913262472686e-10,2.1112724118685618e-9,Lake Banook 2 - Lake Charles 1
chloride_mgl,457.2877437166153,-5.976093422516169,1.1427598262311668e-9,2.514071617708567e-9,Cunard Pond - Penhorn Lake
chloride_mgl,457.2877437166153,-5.941908702423474,1.4086115966504103e-9,2.9989795283524863e-9,INP - Lake Charles 2
chloride_mgl,457.2877437166153,5.872006981311083,2.1527530423844485e-9,4.305506084768897e-9,Lake Banook 1 - Lake Charles 2
chloride_mgl,457.2877437166153,5.8770131652287265,2.0886749888167546e-9,4.3078921644345564e-9,Lake Banook 2 - Lake Charles 2
chloride_mgl,457.2877437166153,-5.750976563818644,4.4364707918391266e-9,8.61197271357007e-9,INP - Lake Charles 1
chloride_mgl,457.2877437166153,-5.522346251025131,1.6725123477230693e-8,3.1538804271349307e-8,Kearney Lake - Penhorn Lake
chloride_mgl,457.2877437166153,-5.042714034949234,2.2948745692397026e-7,4.207270043606121e-7,INP - Kearney Lake
chloride_mgl,457.2877437166153,4.8875679863395884,5.104462304338936e-7,9.105257083415399e-7,Lake Banook 2 - Shubenacadie Canal
chloride_mgl,457.2877437166153,4.876502719999194,5.399159995802053e-7,9.377488413761461e-7,Lake Banook 1 - Shubenacadie Canal
chloride_mgl,457.2877437166153,-4.6828798765765365,1.4143614907546882e-6,2.393534830507934e-6,Lake Charles 1 - Penhorn Lake
chloride_mgl,457.2877437166153,4.654468360783109,1.6240885362769012e-6,2.6797460848568867e-6,Cunard Pond - INP
chloride_mgl,457.2877437166153,-4.5363104526350515,2.8623446380481534e-6,4.607676734418979e-6,Lake Charles 2 - Penhorn Lake
chloride_mgl,457.2877437166153,-3.994291902966647,3.244394129452962e-5,5.0983336319975114e-5,Lake Fletcher - Shubenacadie Canal
chloride_mgl,457.2877437166153,3.9530418629145263,3.858196526340398e-5,5.921883040429448e-5,Lake Fletcher - Tower Road Reservoir
chloride_mgl,457.2877437166153,3.9350577566788973,4.158834562491377e-5,6.238251843737066e-5,Lake Fletcher - Turtle Creek Reservoir
chloride_mgl,457.2877437166153,3.6198516050518617,1.4738600884564611e-4,2.1616614630694763e-4,Penhorn Lake - Shubenacadie Canal
chloride_mgl,457.2877437166153,3.60012500772882,1.590321148964773e-4,2.2817651267755437e-4,Lake Charles 2 - Lake Fletcher
chloride_mgl,457.2877437166153,3.4166468702297252,3.169872821817966e-4,4.451310771063527e-4,Lake Charles 1 - Lake Fletcher
chloride_mgl,457.2877437166153,2.6740071762292406,0.003747542381826707,0.005152870775011722,Kearney Lake - Lake Fletcher
chloride_mgl,457.2877437166153,-2.358516971335196,0.009174060394803191,0.012356897674632869,INP - Lake Fletcher
chloride_mgl,457.2877437166153,2.268180190099152,0.011659113177505677,0.015390029394307494,Cunard Pond - Lake Fletcher
chloride_mgl,457.2877437166153,-1.9370943175969055,0.02636690755803814,0.03412188036922583,Cunard Pond - Shubenacadie Canal
chloride_mgl,457.2877437166153,1.6792707033064502,0.04654964897572257,0.05908224677687864,INP - Tower Road Reservoir
chloride_mgl,457.2877437166153,1.6273852004294411,0.05182765636577252,0.06454010038001862,INP - Turtle Creek Reservoir
chloride_mgl,457.2877437166153,-1.5311619675681236,0.06286468390499814,0.0768346136616644,Kearney Lake - Shubenacadie Canal
chloride_mgl,457.2877437166153,1.3872302035889092,0.08268578912830826,0.09745110861550617,Lake Banook 2 - Penhorn Lake
chloride_mgl,457.2877437166153,-1.3955252344971727,0.08142875532497039,0.09771450638996447,Cunard Pond - Lake Charles 2
chloride_mgl,457.2877437166153,1.358665336782646,0.08712633046604355,0.1008831194869978,Lake Banook 1 - Penhorn Lake
chloride_mgl,457.2877437166153,-1.217146408344798,0.11177425808237978,0.12719139712822528,Cunard Pond - Lake Charles 1
chloride_mgl,457.2877437166153,-0.9636341290514867,0.16761469486164285,0.1875011840825157,Kearney Lake - Lake Charles 2
chloride_mgl,457.2877437166153,-0.7829129447000339,0.2168391177099635,0.23461281588291136,Lake Charles 1 - Shubenacadie Canal
chloride_mgl,457.2877437166153,-0.7883400546165873,0.21524891221966178,0.23677380344162796,Kearney Lake - Lake Charles 1
chloride_mgl,457.2877437166153,-0.6268824695966811,0.265368139631305,0.2824886647688086,Lake Charles 2 - Shubenacadie Canal
chloride_mgl,457.2877437166153,-0.4294227842506923,0.33380778785832255,0.34970339680395696,Cunard Pond - Kearney Lake
chloride_mgl,457.2877437166153,-0.16953823204809998,0.4326866513846346,0.44620810924040444,Lake Charles 1 - Lake Charles 2
chloride_mgl,457.2877437166153,-0.0732025317526172,0.47082247587408715,0.47806589857984233,Tower Road Reservoir - Turtle Creek Reservoir
chloride_mgl,457.2877437166153,-0.035479925908133585,0.4858485265504366,0.4858485265504366,Lake Banook 1 - Lake Banook 2
colour,368.4404298186969,14.130792549946515,1.2268359984285784e-45,8.0971175896286175e-44,INP - Lake Banook 1
colour,368.4404298186969,13.24191991774301,2.5123844010891664e-40,8.290868523594249e-39,INP - Lake Banook 2
colour,368.4404298186969,-12.525398676824938,2.7109110948410763e-36,5.964004408650368e-35,Cunard Pond - INP
colour,368.4404298186969,10.61088292159906,1.326153826939511e-26,2.188153814450193e-25,INP - Penhorn Lake
colour,368.4404298186969,10.101405110766857,2.7228131040346547e-24,3.594113297325744e-23,Kearney Lake - Lake Banook 1
colour,368.4404298186969,-9.354259610926595,4.2093631040908344e-21,4.630299414499918e-20,Lake Banook 1 - Turtle Creek Reservoir
colour,368.4404298186969,9.153203291525978,2.7634920586609565e-20,2.279880948395289e-19,INP - Lake Charles 1
colour,368.4404298186969,9.16291635499724,2.5256680524111094e-20,2.381344163701903e-19,Kearney Lake - Lake Banook 2
colour,368.4404298186969,9.117622391059415,3.8395223757266836e-20,2.8156497421995677e-19,INP - Lake Charles 2
colour,368.4404298186969,-8.453670568986219,1.4114252874483903e-17,9.315406897159375e-17,Lake Banook 2 - Turtle Creek Reservoir
colour,368.4404298186969,-8.41802594751774,1.9144049808553966e-17,1.1486429885132378e-16,Cunard Pond - Kearney Lake
colour,368.4404298186969,-7.742058107230694,4.891013091187177e-15,2.6900572001529474e-14,Cunard Pond - Turtle Creek Reservoir
colour,368.4404298186969,-7.730491159994543,5.356621503407969e-15,2.7195155324994302e-14,Lake Banook 1 - Lake Fletcher
colour,368.4404298186969,7.3530773231861,9.684740503290838e-14,4.565663380122823e-13,INP - Tower Road Reservoir
colour,368.4404298186969,6.809819476879684,4.88606456098798e-12,2.0155016314075415e-11,INP - Shubenacadie Canal
colour,368.4404298186969,-6.815260608276934,4.70465183299858e-12,2.070046806519375e-11,Lake Banook 2 - Lake Fletcher
colour,368.4404298186969,-6.521831465304709,3.472701598212838e-11,1.3482253263649841e-10,Lake Banook 1 - Shubenacadie Canal
colour,368.4404298186969,6.475134811971193,4.7363663330671414e-11,1.736667655457952e-10,INP - Lake Fletcher
colour,368.4404298186969,6.385017084126614,8.568916773355333e-11,2.9765710896918524e-10,Kearney Lake - Penhorn Lake
colour,368.4404298186969,-6.096960135326937,5.405223228194403e-10,1.7837236653041529e-9,Cunard Pond - Lake Fletcher
colour,368.4404298186969,-5.882472540279114,2.0209120574258787e-9,6.351437894767048e-9,Lake Banook 1 - Tower Road Reservoir
colour,368.4404298186969,-5.787953342668828,3.562459695758376e-9,1.0687379087275128e-8,Penhorn Lake - Turtle Creek Reservoir
colour,368.4404298186969,-5.663122304136159,7.432156686289984e-9,2.1327058317179952e-8,Lake Banook 2 - Shubenacadie Canal
colour,368.4404298186969,-5.293001105470172,6.016259637295835e-8,1.6544714002563544e-7,Lake Banook 1 - Lake Charles 2
colour,368.4404298186969,-5.2554341090319445,7.383785951577265e-8,1.949319491216398e-7,Lake Banook 1 - Lake Charles 1
colour,368.4404298186969,-5.0284348812969935,2.472496917907253e-7,6.276338330072258e-7,Lake Banook 2 - Tower Road Reservoir
colour,368.4404298186969,-4.993428313212424,2.9658404508684807e-7,7.249832213234065e-7,Cunard Pond - Shubenacadie Canal
colour,368.4404298186969,4.845971001734913,6.299695990427984e-7,1.484928340600882e-6,Kearney Lake - Lake Charles 1
colour,368.4404298186969,4.808404005296685,7.607002773148993e-7,1.7312489069925297e-6,Kearney Lake - Lake Charles 2
colour,368.4404298186969,4.719683845882546,1.181057387783191e-6,2.59832625312302e-6,INP - Turtle Creek Reservoir
colour,368.4404298186969,4.5634296012044615,2.516234484717332e-6,5.357144386817546e-6,INP - Kearney Lake
colour,368.4404298186969,-4.364218115491425,6.378911896088589e-6,1.3156505785682714e-5,Cunard Pond - Tower Road Reservoir
colour,368.4404298186969,-4.3545123497005545,6.6681731277342924e-6,1.3336346255468585e-5,Lake Banook 2 - Lake Charles 2
colour,368.4404298186969,-4.311059742908449,8.123699850581972e-6,1.5318976861097433e-5,Lake Charles 1 - Turtle Creek Reservoir
colour,368.4404298186969,-4.3169453532623265,7.910165246561518e-6,1.5355026655090005e-5,Lake Banook 2 - Lake Charles 1
colour,368.4404298186969,-4.275009843404712,9.556442511532726e-6,1.7520144604476666e-5,Lake Charles 2 - Turtle Creek Reservoir
colour,368.4404298186969,4.106204941211504,2.0110632911623466e-5,3.58730208693824e-5,Lake Fletcher - Penhorn Lake
colour,368.4404298186969,-3.7163880266402436,1.0104557092608209e-4,1.7550020213477418e-4,Lake Banook 1 - Penhorn Lake
colour,368.4404298186969,-3.6257846904911153,1.440426590024354e-4,2.4376449985027529e-4,Cunard Pond - Lake Charles 2
colour,368.4404298186969,-3.5883439700284554,1.663925286921339e-4,2.745476723420209e-4,Cunard Pond - Lake Charles 1
colour,368.4404298186969,3.3099448650362073,4.6657175068856566e-4,7.51066720620618e-4,Kearney Lake - Tower Road Reservoir
colour,368.4404298186969,-3.1213683001216284,9.000637284817892e-4,0.0014143858590428115,Penhorn Lake - Shubenacadie Canal
colour,368.4404298186969,-2.8872917628081383,0.0019428686120698565,0.002982077404572338,Tower Road Reservoir - Turtle Creek Reservoir
colour,368.4404298186969,-2.7778992708706256,0.0027355788006043834,0.004103368200906575,Lake Banook 2 - Penhorn Lake
colour,368.4404298186969,2.7208675611497597,0.0032555420838030905,0.0047747950562445325,Kearney Lake - Shubenacadie Canal
colour,368.4404298186969,-2.6053004429460356,0.004589686425028919,0.0065852022619980145,Lake Charles 1 - Lake Fletcher
colour,368.4404298186969,-2.5686644548586375,0.005104562888943431,0.007168109588729073,Lake Charles 2 - Lake Fletcher
colour,368.4404298186969,-2.5005083871356955,0.006200759824180197,0.008526044758247772,Penhorn Lake - Tower Road Reservoir
colour,368.4404298186969,-2.3155757817549465,0.010290721218076612,0.013860971436592987,Shubenacadie Canal - Turtle Creek Reservoir
colour,368.4404298186969,2.1205747327115168,0.016978803165886753,0.022412020178970513,Kearney Lake - Lake Fletcher
colour,368.4404298186969,-2.05447116641664,0.019965055647755112,0.025837130838271324,Cunard Pond - Penhorn Lake
colour,368.4404298186969,-1.707442200429067,0.04386994614051726,0.05463049896743658,Lake Fletcher - Turtle Creek Reservoir
colour,368.4404298186969,-1.7131543366772453,0.043342074918096093,0.05501109508835273,Lake Charles 1 - Shubenacadie Canal
colour,368.4404298186969,-1.6787808571861267,0.04659738035371839,0.056952353765655814,Lake Charles 2 - Shubenacadie Canal
colour,368.4404298186969,1.6494247642844355,0.04953032239352558,0.0594363868722307,Cunard Pond - Lake Banook 1
colour,368.4404298186969,1.5766130788299288,0.057442290752910206,0.06769984267307275,Lake Charles 2 - Penhorn Lake
colour,368.4404298186969,1.5390460823917012,0.06189652326034744,0.07166965851198125,Lake Charles 1 - Penhorn Lake
colour,368.4404298186969,1.303659373556898,0.09617487354307779,0.109440373342123,Lake Fletcher - Tower Road Reservoir
colour,368.4404298186969,-1.0999553115759124,0.13567579665614354,0.15177292507297413,Lake Charles 1 - Tower Road Reservoir
colour,368.4404298186969,-1.0657688287908489,0.1432640775049848,0.15759048525548328,Lake Charles 2 - Tower Road Reservoir
colour,368.4404298186969,-0.938488755769618,0.17399664638512377,0.18825866658062573,Lake Banook 1 - Lake Banook 2
colour,368.4404298186969,0.7140906014935015,0.23758557860046534,0.2488991775814399,Cunard Pond - Lake Banook 2
colour,368.4404298186969,0.71598814241782,0.2369993353431688,0.25228961504272807,Lake Fletcher - Shubenacadie Canal
colour,368.4404298186969,0.5604403914853642,0.28758954371124923,0.29657671695222576,Shubenacadie Canal - Tower Road Reservoir
colour,368.4404298186969,0.3392126816602995,0.36722475822867556,0.37287436989373207,Kearney Lake - Turtle Creek Reservoir
colour,368.4404298186969,-0.03756699643822765,0.4850164611821332,0.4850164611821332,Lake Charles 1 - Lake Charles 2
doc_mgl,413.32025368855943,15.294442154591364,4.1635632890700426e-53,2.747951770786228e-51,INP - Lake Banook 1
doc_mgl,413.32025368855943,15.149808727767962,3.799371427466802e-52,1.2537925710640448e-50,INP - Lake Banook 2
doc_mgl,413.32025368855943,-12.639227587460512,6.415410024129936e-37,1.411390205308586e-35,Cunard Pond - INP
doc_mgl,413.32025368855943,-10.711384260827778,4.500290047737768e-27,7.425478578767318e-26,Lake Banook 1 - Lake Fletcher
doc_mgl,413.32025368855943,-10.548370779952958,2.584276585175855e-26,3.4112450924321284e-25,Lake Banook 2 - Lake Fletcher
doc_mgl,413.32025368855943,10.452605521846962,7.127705113539479e-26,7.840475624893427e-25,INP - Tower Road Reservoir
doc_mgl,413.32025368855943,9.277137292855839,8.704653396535777e-21,8.207244631019447e-20,Kearney Lake - Lake Banook 1
doc_mgl,413.32025368855943,9.106067890713522,4.2710940656292693e-20,3.523652604144147e-19,Kearney Lake - Lake Banook 2
doc_mgl,413.32025368855943,8.543011337338116,6.5384282169210596e-18,4.7948473590754435e-17,INP - Penhorn Lake
doc_mgl,413.32025368855943,8.438007775597235,1.6139608009981083e-17,1.0652141286587515e-16,INP - Lake Charles 1
doc_mgl,413.32025368855943,8.160303897733455,1.6709135628247434e-16,1.0025481376948461e-15,INP - Lake Charles 2
doc_mgl,413.32025368855943,-7.943102981826699,9.859255020491209e-16,5.422590261270165e-15,Cunard Pond - Lake Fletcher
doc_mgl,413.32025368855943,-7.823370451467458,2.5713738860849728e-15,1.3054667421662169e-14,Lake Banook 1 - Shubenacadie Canal
doc_mgl,413.32025368855943,7.748782638650445,4.63888358319003e-15,2.1869022606467285e-14,INP - Turtle Creek Reservoir
doc_mgl,413.32025368855943,-7.661428297695693,9.193826409389149e-15,4.045283620131226e-14,Lake Banook 2 - Shubenacadie Canal
doc_mgl,413.32025368855943,-7.430285523575712,5.4181755075575836e-14,2.2349973968675033e-13,Lake Banook 1 - Lake Charles 2
doc_mgl,413.32025368855943,-7.380397826885156,7.890862456351592e-14,3.0635113065835594e-13,Lake Banook 1 - Turtle Creek Reservoir
doc_mgl,413.32025368855943,-7.253564436729812,2.029720591050282e-13,7.442308833851034e-13,Lake Banook 2 - Lake Charles 2
doc_mgl,413.32025368855943,-7.208260009022069,2.833567125928705e-13,9.842917384804976e-13,Lake Banook 2 - Turtle Creek Reservoir
doc_mgl,413.32025368855943,-7.195781494002928,3.10520086390333e-13,1.0247162850880988e-12,Lake Banook 1 - Lake Charles 1
doc_mgl,413.32025368855943,-7.0316914052845885,1.0202235190365002e-12,3.206416774114715e-12,Lake Banook 1 - Penhorn Lake
doc_mgl,413.32025368855943,-7.017669642410533,1.1279958532141412e-12,3.3839875596424236e-12,Lake Banook 2 - Lake Charles 1
doc_mgl,413.32025368855943,-6.853539096173869,3.602247498517468e-12,1.033688412618056e-11,Lake Banook 2 - Penhorn Lake
doc_mgl,413.32025368855943,6.492298385148383,4.226830594682628e-11,1.1623784135377228e-10,INP - Kearney Lake
doc_mgl,413.32025368855943,6.469587639303393,4.913536092970911e-11,1.2971735285443204e-10,INP - Shubenacadie Canal
doc_mgl,413.32025368855943,-6.432414590820558,6.279630334497478e-11,1.5940600079878212e-10,Cunard Pond - Kearney Lake
doc_mgl,413.32025368855943,5.976008292819269,1.1433568227766813e-9,2.79487223345411e-9,Lake Fletcher - Tower Road Reservoir
doc_mgl,413.32025368855943,-5.23287480599984,8.344689115045588e-8,1.9669624342607458e-7,Cunard Pond - Shubenacadie Canal
doc_mgl,413.32025368855943,4.785557914657157,8.525650380946204e-7,1.9403204315256877e-6,INP - Lake Fletcher
doc_mgl,413.32025368855943,-4.623773164148924,1.8841096790534354e-6,4.1450412939175585e-6,Cunard Pond - Turtle Creek Reservoir
doc_mgl,413.32025368855943,-4.585846250270082,2.26075628519084e-6,4.813223058793401e-6,Cunard Pond - Lake Charles 2
doc_mgl,413.32025368855943,4.511900736194415,3.212462842911501e-6,6.62570461350497e-6,Kearney Lake - Tower Road Reservoir
doc_mgl,413.32025368855943,-4.338696907687778,7.166501580011043e-6,1.4333003160022086e-5,Cunard Pond - Lake Charles 1
doc_mgl,413.32025368855943,-4.236083867830158,1.1372592559076822e-5,2.2076209085266773e-5,Lake Banook 1 - Tower Road Reservoir
doc_mgl,413.32025368855943,-4.183034087336461,1.4382212147049045e-5,2.7120742905863913e-5,Cunard Pond - Penhorn Lake
doc_mgl,413.32025368855943,-4.057243048643216,2.4827700036196292e-5,4.551745006635987e-5,Lake Banook 2 - Tower Road Reservoir
doc_mgl,413.32025368855943,3.7854385996084,7.671885838883196e-5,1.3684985550440295e-4,Lake Fletcher - Penhorn Lake
doc_mgl,413.32025368855943,-3.661884099879815,1.2518356534196967e-4,2.1742408717289471e-4,Lake Charles 1 - Lake Fletcher
doc_mgl,413.32025368855943,3.5766142364727025,1.740366222980565e-4,2.945235146582495e-4,Shubenacadie Canal - Tower Road Reservoir
doc_mgl,413.32025368855943,-3.392838719287822,3.458617616549755e-4,5.706719067307095e-4,Lake Charles 2 - Lake Fletcher
doc_mgl,413.32025368855943,3.1100201824580056,9.353728048274051e-4,0.0015057220760636278,Lake Fletcher - Turtle Creek Reservoir
doc_mgl,413.32025368855943,2.9230688230323554,0.0017329994842826882,0.002723284903872796,Cunard Pond - Lake Banook 1
doc_mgl,413.32025368855943,-2.891678405051921,0.0019159498186537237,0.002940760186770832,Tower Road Reservoir - Turtle Creek Reservoir
doc_mgl,413.32025368855943,2.797222047159286,0.002577204792548167,0.00386580718882225,Lake Charles 2 - Tower Road Reservoir
doc_mgl,413.32025368855943,2.728220143426838,0.0031838548132553323,0.004669653726107821,Cunard Pond - Lake Banook 2
doc_mgl,413.32025368855943,2.5590793410574006,0.005247489283729285,0.007529006363611582,Lake Charles 1 - Tower Road Reservoir
doc_mgl,413.32025368855943,2.419923710377761,0.007761881775927671,0.010899663770451623,Penhorn Lake - Tower Road Reservoir
doc_mgl,413.32025368855943,2.1953976303154112,0.0140675434777442,0.019342872281898276,Kearney Lake - Penhorn Lake
doc_mgl,413.32025368855943,2.0610255207187738,0.01965030270570271,0.025938399571527576,Lake Fletcher - Shubenacadie Canal
doc_mgl,413.32025368855943,2.063556862153727,0.01952987561555037,0.026305546747476007,Kearney Lake - Lake Charles 1
doc_mgl,413.32025368855943,1.7939665074085989,0.03640925740641464,0.04711786252594836,Kearney Lake - Lake Charles 2
doc_mgl,413.32025368855943,-1.6496476119340153,0.0495075154505824,0.06283646191804688,Kearney Lake - Lake Fletcher
doc_mgl,413.32025368855943,1.553544075865379,0.06014660396125997,0.07489954455553127,Kearney Lake - Turtle Creek Reservoir
doc_mgl,413.32025368855943,-1.5123417569579454,0.06522347170718039,0.07971757653099826,Cunard Pond - Tower Road Reservoir
doc_mgl,413.32025368855943,-1.4152327266169191,0.07850013603320324,0.09420016323984388,Penhorn Lake - Shubenacadie Canal
doc_mgl,413.32025368855943,-1.292996867678401,0.09800607122630983,0.11550715537386516,Lake Charles 1 - Shubenacadie Canal
doc_mgl,413.32025368855943,-1.0519849873311384,0.14640321874026435,0.16951951643609559,Lake Charles 2 - Shubenacadie Canal
doc_mgl,413.32025368855943,0.8573908900546886,0.19561444613932766,0.222595749055097,Shubenacadie Canal - Turtle Creek Reservoir
doc_mgl,413.32025368855943,-0.5685013043769689,0.2848473101270579,0.3133320411397637,Penhorn Lake - Turtle Creek Reservoir
doc_mgl,413.32025368855943,0.5747139431679161,0.2827423879876615,0.316288095037045,Kearney Lake - Shubenacadie Canal
doc_mgl,413.32025368855943,-0.4359444288294574,0.3314385245774596,0.35860561675593994,Lake Charles 1 - Turtle Creek Reservoir
doc_mgl,413.32025368855943,0.3985941182911229,0.34509614807795597,0.36736041569588856,Lake Charles 2 - Penhorn Lake
doc_mgl,413.32025368855943,-0.26118377618045246,0.39697539437285295,0.4158789845810841,Lake Charles 1 - Lake Charles 2
doc_mgl,413.32025368855943,-0.20340083345356805,0.4194108742120974,0.43251746403122543,Lake Banook 1 - Lake Banook 2
doc_mgl,413.32025368855943,-0.18236634313009842,0.4276476185802065,0.43422681271220964,Lake Charles 2 - Turtle Creek Reservoir
doc_mgl,413.32025368855943,0.13884156437549078,0.44478767421425397,0.44478767421425397,Lake Charles 1 - Penhorn Lake
p_ugl,178.9566690251576,10.810034358610796,1.5427723997722716e-27,1.0182297838496992e-25,INP - Kearney Lake
p_ugl,178.9566690251576,9.522605170419173,8.444550487840045e-22,2.7867016609872145e-20,INP - Lake Charles 2
p_ugl,178.9566690251576,8.709512102496026,1.5259276091091421e-18,3.3570407400401124e-17,INP - Lake Charles 1
p_ugl,178.9566690251576,7.992607061720852,6.605734696069238e-16,1.0899462248514242e-14,INP - Lake Banook 2
p_ugl,178.9566690251576,7.907279776976414,1.3153697361770098e-15,1.736288051753653e-14,INP - Lake Banook 1
p_ugl,178.9566690251576,7.621860977473543,1.250221294837086e-14,1.3752434243207946e-13,INP - Turtle Creek Reservoir
p_ugl,178.9566690251576,-7.524670673693142,2.6426685824849274e-14,2.4916589492000743e-13,Cunard Pond - INP
p_ugl,178.9566690251576,7.360852565343082,9.136965518750853e-14,7.537996552969453e-13,INP - Lake Fletcher
p_ugl,178.9566690251576,-6.651217019151315,1.4533964869180956e-11,1.0658240904066034e-10,Kearney Lake - Tower Road Reservoir
p_ugl,178.9566690251576,-6.303709210637904,1.4530274522298453e-10,9.589981184716978e-10,Kearney Lake - Shubenacadie Canal
p_ugl,178.9566690251576,5.6277675139857,9.127845439095106e-9,5.476707263457064e-8,INP - Penhorn Lake
p_ugl,178.9566690251576,-5.596032880499937,1.0965606300335762e-8,6.03108346518467e-8,Kearney Lake - Penhorn Lake
p_ugl,178.9566690251576,-5.356282268197067,4.247588019974008e-8,2.156467763986804e-7,Lake Charles 2 - Tower Road Reservoir
p_ugl,178.9566690251576,-5.052711457990425,2.177908435395254e-7,1.0267282624006198e-6,Lake Charles 2 - Shubenacadie Canal
p_ugl,178.9566690251576,-4.5334911849513535,2.9008344257188435e-6,1.2763671473162913e-5,Lake Charles 1 - Tower Road Reservoir
p_ugl,178.9566690251576,-4.2576611065842505,1.0328839181446309e-5,4.260646162346603e-5,Lake Charles 1 - Shubenacadie Canal
p_ugl,178.9566690251576,-4.202306123076257,1.321047533617946e-5,5.128772777575555e-5,Lake Charles 2 - Penhorn Lake
p_ugl,178.9566690251576,3.9058198829675894,4.695322103037727e-5,1.7216181044471665e-4,INP - Tower Road Reservoir
p_ugl,178.9566690251576,3.889264359364556,5.0274272053916016e-5,1.7463694502939248e-4,INP - Shubenacadie Canal
p_ugl,178.9566690251576,-3.8204852857961646,6.659467571942706e-5,2.197624298741093e-4,Lake Banook 2 - Tower Road Reservoir
p_ugl,178.9566690251576,-3.7356220836684533,9.362585332666282e-5,2.942526818837974e-4,Lake Banook 1 - Tower Road Reservoir
p_ugl,178.9566690251576,3.606630745472408,1.5509929642622283e-4,4.652978892786685e-4,Tower Road Reservoir - Turtle Creek Reservoir
p_ugl,178.9566690251576,3.550894790027878,1.9196192836423316e-4,5.067794908815756e-4,Cunard Pond - Kearney Lake
p_ugl,178.9566690251576,-3.57004548699043,1.784596224377177e-4,5.121015252560594e-4,Lake Banook 2 - Shubenacadie Canal
p_ugl,178.9566690251576,-3.558156208500888,1.8673359930100028e-4,5.135173980777508e-4,Kearney Lake - Lake Fletcher
p_ugl,178.9566690251576,-3.488204280093121,2.431382004910383e-4,6.171969704772511e-4,Lake Banook 1 - Shubenacadie Canal
p_ugl,178.9566690251576,3.376553884174333,3.669999666506865e-4,8.97111029590567e-4,Shubenacadie Canal - Turtle Creek Reservoir
p_ugl,178.9566690251576,-3.355093935314978,3.966901952268512e-4,0.00093505546017757775,Cunard Pond - Tower Road Reservoir
p_ugl,178.9566690251576,-3.314761057538088,4.5860745119265164e-4,0.0010437273027143106,Lake Charles 1 - Penhorn Lake
p_ugl,178.9566690251576,-3.250122162895602,5.767772172055871e-4,0.0012689098778522916,Lake Fletcher - Tower Road Reservoir
p_ugl,178.9566690251576,-3.146493118969261,8.262057481678292e-4,0.0017590186896476363,Kearney Lake - Lake Banook 1
p_ugl,178.9566690251576,-3.1212268135490286,9.004963106762056e-4,0.0018572736407696739,Cunard Pond - Shubenacadie Canal
p_ugl,178.9566690251576,-3.056305780922582,0.0011204130066657285,0.002240826013331457,Kearney Lake - Lake Banook 2
p_ugl,178.9566690251576,-3.0244633567854025,0.0012453732106328563,0.002417489173581427,Lake Fletcher - Shubenacadie Canal
p_ugl,178.9566690251576,-3.0077726913184084,0.001315849502605035,0.0024813162049123517,Kearney Lake - Turtle Creek Reservoir
p_ugl,178.9566690251576,-2.548260373513594,0.005413081733997297,0.009923983178995044,Lake Banook 2 - Penhorn Lake
p_ugl,178.9566690251576,-2.457030129056329,0.00700454685150532,0.012494597086468948,Lake Banook 1 - Penhorn Lake
p_ugl,178.9566690251576,2.3624607801408573,0.009077031113627908,0.015765369828932684,Penhorn Lake - Turtle Creek Reservoir
p_ugl,178.9566690251576,-2.2985674155989,0.01076475780950157,0.01821728244684881,Kearney Lake - Lake Charles 1
p_ugl,178.9566690251576,-2.1831302971420783,0.014513107999476587,0.023946628199136368,Lake Charles 2 - Lake Fletcher
p_ugl,178.9566690251576,2.1542228403565002,0.015611350249829795,0.025130466255823575,Cunard Pond - Lake Charles 2
p_ugl,178.9566690251576,-2.0479520466041268,0.020282349164849393,0.03187226297333476,Cunard Pond - Penhorn Lake
p_ugl,178.9566690251576,-1.9524196110646417,0.025444203293068204,0.0390538934265698,Lake Fletcher - Penhorn Lake
p_ugl,178.9566690251576,1.748232536891497,0.04021188483915317,0.06031782725872975,Lake Banook 1 - Lake Charles 2
p_ugl,178.9566690251576,1.6576909111696667,0.04868993463077778,0.06985947142676811,Lake Banook 2 - Lake Charles 2
p_ugl,178.9566690251576,-1.6666323666456568,0.04779376443829481,0.07009752117616572,Lake Charles 2 - Turtle Creek Reservoir
p_ugl,178.9566690251576,-1.454810509436403,0.07286086395603751,0.10231525576805267,Penhorn Lake - Tower Road Reservoir
p_ugl,178.9566690251576,-1.3998103258642831,0.08078506243221789,0.1110794608442996,Kearney Lake - Lake Charles 2
p_ugl,178.9566690251576,-1.3050109942771388,0.09594455206378484,0.12923143747366936,Lake Charles 1 - Lake Fletcher
p_ugl,178.9566690251576,-1.2879439544948867,0.09888273668413612,0.1305252124230597,Penhorn Lake - Shubenacadie Canal
p_ugl,178.9566690251576,1.262073259737051,0.1034612131375319,0.13389098170739422,Cunard Pond - Lake Charles 1
p_ugl,178.9566690251576,0.8969758822739362,0.18486589327457195,0.23463747992541822,Lake Charles 1 - Lake Charles 2
p_ugl,178.9566690251576,0.8545244464973992,0.19640723503149068,0.2445825945675167,Lake Banook 1 - Lake Charles 1
p_ugl,178.9566690251576,-0.8097788371399045,0.2090336488912966,0.2554855708671403,Lake Charles 1 - Turtle Creek Reservoir
p_ugl,178.9566690251576,0.7636352508767419,0.22254231812237443,0.2670507817468493,Lake Banook 2 - Lake Charles 1
p_ugl,178.9566690251576,-0.5534022469925827,0.28999400031618877,0.3417786432297939,Lake Banook 2 - Lake Fletcher
p_ugl,178.9566690251576,0.498438008860309,0.30908767622283384,0.35789099352117604,Cunard Pond - Lake Banook 2
p_ugl,178.9566690251576,0.4539397261604399,0.32493610478527024,0.3634878460309802,Lake Fletcher - Turtle Creek Reservoir
p_ugl,178.9566690251576,-0.4639444667451257,0.32134376662072306,0.3656670447753056,Lake Banook 1 - Lake Fletcher
p_ugl,178.9566690251576,0.3994643832176627,0.3447755311795929,0.3730358206205432,Cunard Pond - Turtle Creek Reservoir
p_ugl,178.9566690251576,0.4075488132396517,0.3418024751443979,0.3759827226588377,Cunard Pond - Lake Banook 1
p_ugl,178.9566690251576,-0.0628141461834774,0.4749572505447604,0.48226428516852593,Cunard Pond - Lake Fletcher
p_ugl,178.9566690251576,-0.07810914774236352,0.4688706152911276,0.48352282201897534,Lake Banook 2 - Turtle Creek Reservoir
p_ugl,178.9566690251576,0.09088919562065731,0.4637903176518439,0.4858755708733603,Lake Banook 1 - Lake Banook 2
p_ugl,178.9566690251576,-0.10812671654138,0.4569475878279853,0.4864280773652746,Shubenacadie Canal - Tower Road Reservoir
p_ugl,178.9566690251576,0.008975451158758396,0.49641936112244067,0.49641936112244067,Lake Banook 1 - Turtle Creek Reservoir
tn_ugl,324.5558706276212,12.238028499356249,9.735234881108861e-35,6.425255021531848e-33,INP - Turtle Creek Reservoir
tn_ugl,324.5558706276212,11.134811241500596,4.2462365678042447e-29,1.4012580673754007e-27,INP - Tower Road Reservoir
tn_ugl,324.5558706276212,9.920913334443291,1.68826073392382e-23,3.714173614632404e-22,Lake Charles 1 - Turtle Creek Reservoir
tn_ugl,324.5558706276212,9.8361167685504,3.934482843635927e-23,6.491896691999279e-22,Lake Charles 2 - Turtle Creek Reservoir
tn_ugl,324.5558706276212,9.278648596681343,8.58208361560249e-21,1.1328350372595286e-19,Shubenacadie Canal - Turtle Creek Reservoir
tn_ugl,324.5558706276212,8.83707649656203,4.912793321098806e-19,5.404072653208687e-18,Lake Charles 1 - Tower Road Reservoir
tn_ugl,324.5558706276212,8.754559524328958,1.0245106928657174e-18,9.659672247019621e-18,Lake Charles 2 - Tower Road Reservoir
tn_ugl,324.5558706276212,8.61428751135353,3.518893956399318e-18,2.903087514029437e-17,INP - Lake Banook 2
tn_ugl,324.5558706276212,8.430748803902016,1.7173015370882045e-17,1.25935446053135e-16,INP - Penhorn Lake
tn_ugl,324.5558706276212,8.415363085336754,1.9583991428390566e-17,1.2925434342737772e-16,INP - Lake Fletcher
tn_ugl,324.5558706276212,8.372121421784012,2.829504461660477e-17,1.6977026769962864e-16,INP - Lake Banook 1
tn_ugl,324.5558706276212,8.26857734648447,6.778347136668209e-17,3.7280909251675146e-16,Shubenacadie Canal - Tower Road Reservoir
tn_ugl,324.5558706276212,7.477095864703034,3.799149453933651e-14,1.9287989535355457e-13,Kearney Lake - Turtle Creek Reservoir
tn_ugl,324.5558706276212,7.394996781314458,7.070584957731279e-14,3.333275765787603e-13,Cunard Pond - Turtle Creek Reservoir
tn_ugl,324.5558706276212,6.4637174915962285,5.1080761692121224e-11,2.247553514453334e-10,Kearney Lake - Tower Road Reservoir
tn_ugl,324.5558706276212,6.379064383891517,8.908656264376101e-11,3.674820709055142e-10,Cunard Pond - Tower Road Reservoir
tn_ugl,324.5558706276212,-6.1825205789912525,3.154304198422951e-10,1.2246122182112632e-9,Lake Banook 2 - Lake Charles 1
tn_ugl,324.5558706276212,-6.097724013098362,5.379464446550792e-10,1.9724702970686237e-9,Lake Banook 2 - Lake Charles 2
tn_ugl,324.5558706276212,5.993174878911308,1.0289167444547055e-9,3.5741318491584505e-9,Lake Charles 1 - Penhorn Lake
tn_ugl,324.5558706276212,5.968242255972795,1.1991155670892298e-9,3.957081371394458e-9,Lake Charles 1 - Lake Fletcher
tn_ugl,324.5558706276212,-5.932692581388751,1.4900326026376836e-9,4.682959608289863e-9,Lake Banook 1 - Lake Charles 1
tn_ugl,324.5558706276212,5.908378313018416,1.7274593895158635e-9,5.182378168547591e-9,Lake Charles 2 - Penhorn Lake
tn_ugl,324.5558706276212,5.883093104085527,2.0133462874187884e-9,5.777428476940871e-9,Lake Charles 2 - Lake Fletcher
tn_ugl,324.5558706276212,-5.847896015495859,2.4891479098201046e-9,6.845156752005287e-9,Lake Banook 1 - Lake Charles 2
tn_ugl,324.5558706276212,-5.709732872489295,5.657681657058113e-9,1.493627957463342e-8,Lake Banook 2 - Shubenacadie Canal
tn_ugl,324.5558706276212,-5.528971007557381,1.6105728421130046e-8,4.08837721459455e-8,Penhorn Lake - Shubenacadie Canal
tn_ugl,324.5558706276212,-5.502337024880832,1.8739481391225888e-8,4.5807621178552174e-8,Lake Fletcher - Shubenacadie Canal
tn_ugl,324.5558706276212,-5.471230626387234,2.234606253732744e-8,5.267286169512897e-8,Lake Banook 1 - Shubenacadie Canal
tn_ugl,324.5558706276212,-5.089626686121077,1.7938455388974348e-7,4.0825450195596794e-7,Cunard Pond - INP
tn_ugl,324.5558706276212,4.960357796737804,3.518172763451296e-7,7.739980079592852e-7,INP - Kearney Lake
tn_ugl,324.5558706276212,3.9718419538605274,3.565951615884451e-5,7.354775207761681e-5,Lake Banook 1 - Turtle Creek Reservoir
tn_ugl,324.5558706276212,3.9773844030763437,3.483873829479657e-5,7.417279765988947e-5,Lake Fletcher - Turtle Creek Reservoir
tn_ugl,324.5558706276212,3.9116080446462544,4.584181157052204e-5,9.168362314104408e-5,Penhorn Lake - Turtle Creek Reservoir
tn_ugl,324.5558706276212,3.7540559164402674,8.699801119888413e-5,1.6887849232724567e-4,Kearney Lake - Lake Banook 2
tn_ugl,324.5558706276212,3.723039948262766,9.841918135617207e-5,1.8559045627163876e-4,Lake Banook 2 - Turtle Creek Reservoir
tn_ugl,324.5558706276212,3.6566040258624186,1.2778936004926e-4,2.3428049342364332e-4,Cunard Pond - Lake Banook 2
tn_ugl,324.5558706276212,3.565487820056779,1.8159001465444628e-4,3.2391732343766094e-4,Kearney Lake - Penhorn Lake
tn_ugl,324.5558706276212,3.530544977447562,2.0735225007145912e-4,3.6013811854516584e-4,Kearney Lake - Lake Fletcher
tn_ugl,324.5558706276212,3.505253910842506,2.2808600159247822e-4,3.8599169500265544e-4,Kearney Lake - Lake Banook 1
tn_ugl,324.5558706276212,3.4672583257824736,2.6289815829350245e-4,4.3378196118427903e-4,Cunard Pond - Penhorn Lake
tn_ugl,324.5558706276212,3.4318228860114703,2.9976948293248526e-4,4.82555753013269e-4,Cunard Pond - Lake Fletcher
tn_ugl,324.5558706276212,3.4067760282599164,3.2867522274450823e-4,5.164896357413701e-4,Cunard Pond - Lake Banook 1
tn_ugl,324.5558706276212,3.051953866550021,0.0011367852048108622,0.0017051778072162934,Lake Banook 1 - Tower Road Reservoir
tn_ugl,324.5558706276212,3.0533279846758403,0.0011315921545042844,0.0017368623766809948,Lake Fletcher - Tower Road Reservoir
tn_ugl,324.5558706276212,2.9933264844320173,0.0013797718678033558,0.0020236654061115884,Penhorn Lake - Tower Road Reservoir
tn_ugl,324.5558706276212,2.8097877769805044,0.0024787088621099173,0.0035564083673750987,Lake Banook 2 - Tower Road Reservoir
tn_ugl,324.5558706276212,2.714131545683636,0.0033224886966289804,0.0046656224250534615,INP - Lake Charles 2
tn_ugl,324.5558706276212,2.706012430490384,0.0034048248470853596,0.0046816341647423695,INP - Shubenacadie Canal
tn_ugl,324.5558706276212,2.631614573450564,0.004249010413769743,0.005723156883853124,INP - Lake Charles 1
tn_ugl,324.5558706276212,-2.5364193699613247,0.005599626461670086,0.007391506929404513,Cunard Pond - Lake Charles 1
tn_ugl,324.5558706276212,-2.451270218074057,0.007117652143456786,0.009211079244473489,Cunard Pond - Lake Charles 2
tn_ugl,324.5558706276212,-2.4129839539193867,0.007911258068601833,0.010041212163994635,Kearney Lake - Lake Charles 1
tn_ugl,324.5558706276212,-2.3281873880264956,0.009951077791560719,0.01239190819326429,Kearney Lake - Lake Charles 2
tn_ugl,324.5558706276212,-2.227302062230605,0.012963546402554786,0.015844334492011405,Cunard Pond - Shubenacadie Canal
tn_ugl,324.5558706276212,-2.1110851609782872,0.0173824963290882,0.020858995594905838,Kearney Lake - Shubenacadie Canal
tn_ugl,324.5558706276212,0.8139532110222154,0.20783587783378116,0.24494942744695636,Tower Road Reservoir - Turtle Creek Reservoir
tn_ugl,324.5558706276212,-0.2389916476243045,0.4055560296687362,0.46149479238166535,Lake Banook 2 - Lake Fletcher
tn_ugl,324.5558706276212,0.2488020055977615,0.4017569698204333,0.46519228084471226,Lake Banook 1 - Lake Banook 2
tn_ugl,324.5558706276212,-0.18856809638348873,0.42521566978464087,0.46773723676310497,Lake Banook 2 - Penhorn Lake
tn_ugl,324.5558706276212,0.19323722329790666,0.42338659404905804,0.4736189018175903,Lake Charles 1 - Shubenacadie Canal
tn_ugl,324.5558706276212,0.11197823682529162,0.45542033126213505,0.48480228811775666,Lake Charles 2 - Shubenacadie Canal
tn_ugl,324.5558706276212,0.049645947544359366,0.4802022654535628,0.48758999261438685,Lake Fletcher - Penhorn Lake
tn_ugl,324.5558706276212,0.08514915188726783,0.4660714073041543,0.4882652838424474,Lake Charles 1 - Lake Charles 2
tn_ugl,324.5558706276212,0.060233909214272775,0.475984669543253,0.4908591904664797,Lake Banook 1 - Penhorn Lake
tn_ugl,324.5558706276212,-0.11293259920944765,0.4550419956079151,0.4923405198380721,Cunard Pond - Kearney Lake
tn_ugl,324.5558706276212,0.010836349978197459,0.49567700643428897,0.49567700643428897,Lake Banook 1 - Lake Fletcher
toc_mgl,406.57875497696045,15.491798993602576,1.970531831208288e-54,1.3005510085974702e-52,INP - Lake Banook 1
toc_mgl,406.57875497696045,14.972841843430022,5.524843150523545e-51,1.82319823967277e-49,INP - Lake Banook 2
toc_mgl,406.57875497696045,-12.35343838923195,2.3336569332266978e-35,5.134045253098735e-34,Cunard Pond - INP
toc_mgl,406.57875497696045,-11.088618286613103,7.123565682904944e-29,1.1753883376793158e-27,Lake Banook 1 - Lake Fletcher
toc_mgl,406.57875497696045,-10.549480705461752,2.5539308712291612e-26,3.3711887500224927e-25,Lake Banook 2 - Lake Fletcher
toc_mgl,406.57875497696045,9.542978888224683,6.939365339375708e-22,7.63330187331328e-21,Kearney Lake - Lake Banook 1
toc_mgl,406.57875497696045,9.525837387769467,8.185830728703255e-22,7.718068972777355e-21,INP - Tower Road Reservoir
toc_mgl,406.57875497696045,8.994014004790206,1.191810428551657e-19,9.83243603555117e-19,Kearney Lake - Lake Banook 2
toc_mgl,406.57875497696045,8.644458199011392,2.7030600507515136e-18,1.9822440372177767e-17,INP - Penhorn Lake
toc_mgl,406.57875497696045,8.51300671351945,8.474012838978268e-18,5.592848473725657e-17,INP - Lake Charles 1
toc_mgl,406.57875497696045,8.470969125346725,1.216798710600278e-17,7.300792263601667e-17,INP - Lake Charles 2
toc_mgl,406.57875497696045,-8.161755558726327,1.6509494956669866e-16,9.080222226168426e-16,Lake Banook 1 - Shubenacadie Canal
toc_mgl,406.57875497696045,7.866504700154722,1.823435156330824e-15,9.257440024448798e-15,INP - Turtle Creek Reservoir
toc_mgl,406.57875497696045,-7.786810077709357,3.4361066610268385e-15,1.619878854484081e-14,Cunard Pond - Lake Fletcher
toc_mgl,406.57875497696045,-7.66124310164452,9.207095871505042e-15,4.0511221834622193e-14,Lake Banook 2 - Shubenacadie Canal
toc_mgl,406.57875497696045,-7.5361085610410194,2.4210176405937376e-14,9.986697767449168e-14,Lake Banook 1 - Lake Charles 2
toc_mgl,406.57875497696045,-7.4391811473094,5.06556598638223e-14,1.966631500595454e-13,Lake Banook 1 - Lake Charles 1
toc_mgl,406.57875497696045,-7.401428963794727,6.736337220919333e-14,2.4699903143370887e-13,Lake Banook 1 - Turtle Creek Reservoir
toc_mgl,406.57875497696045,-7.2473859204511015,2.1244602502600487e-13,7.379704027219117e-13,Lake Banook 1 - Penhorn Lake
toc_mgl,406.57875497696045,-6.985280699359961,1.4214350341075904e-12,4.690735612555048e-12,Lake Banook 2 - Lake Charles 2
toc_mgl,406.57875497696045,-6.890216263874922,2.7853816512521052e-12,8.754056618220902e-12,Lake Banook 2 - Lake Charles 1
toc_mgl,406.57875497696045,-6.877676068076151,3.041840510291473e-12,9.125521530874419e-12,Lake Banook 2 - Turtle Creek Reservoir
toc_mgl,406.57875497696045,-6.700316920218593,1.0398400345378342e-11,2.9838887947607416e-11,Lake Banook 2 - Penhorn Lake
toc_mgl,406.57875497696045,6.511571865523607,3.7184216491227635e-11,1.02256595350876e-10,INP - Kearney Lake
toc_mgl,406.57875497696045,6.5018657999051674,3.966492842190863e-11,1.0471541103383879e-10,INP - Shubenacadie Canal
toc_mgl,406.57875497696045,-6.165479874948909,3.5134853619426323e-10,8.918847457238989e-10,Cunard Pond - Kearney Lake
toc_mgl,406.57875497696045,-5.388515985064739,3.552092258818609e-8,8.682892188223267e-8,Lake Banook 1 - Tower Road Reservoir
toc_mgl,406.57875497696045,5.131505022280325,1.437172770617399e-7,3.387621530741012e-7,Lake Fletcher - Tower Road Reservoir
toc_mgl,406.57875497696045,-5.067564961122421,2.014685057069737e-7,4.5851453022966426e-7,Cunard Pond - Shubenacadie Canal
toc_mgl,406.57875497696045,-4.8745537263943834,5.452735188247616e-7,1.1996017414144754e-6,Lake Banook 2 - Tower Road Reservoir
toc_mgl,406.57875497696045,4.770090587304462,9.207154495510306e-7,1.9602328925925167e-6,INP - Lake Fletcher
toc_mgl,406.57875497696045,-4.157050549224714,1.6119133924839923e-5,3.3245713719982343e-5,Cunard Pond - Turtle Creek Reservoir
toc_mgl,406.57875497696045,-4.125861825996298,1.846744923706162e-5,3.693489847412324e-5,Cunard Pond - Lake Charles 2
toc_mgl,406.57875497696045,-4.039414740261001,2.679237078728932e-5,5.200871976356162e-5,Cunard Pond - Lake Charles 1
toc_mgl,406.57875497696045,3.9599669144355283,3.748007400439364e-5,7.067671097971371e-5,Lake Fletcher - Penhorn Lake
toc_mgl,406.57875497696045,-3.8573197159124057,5.731858714779002e-5,1.0508407643761503e-4,Cunard Pond - Penhorn Lake
toc_mgl,406.57875497696045,-3.808567422984307,6.988711803802993e-5,1.2466350785162095e-4,Lake Charles 1 - Lake Fletcher
toc_mgl,406.57875497696045,-3.7503276998332504,8.830181062296127e-5,1.5336630266093274e-4,Lake Charles 2 - Lake Fletcher
toc_mgl,406.57875497696045,3.568085345569681,1.7979969166688557e-4,3.042764012824217e-4,Kearney Lake - Tower Road Reservoir
toc_mgl,406.57875497696045,3.4537544025200257,2.7642029693070175e-4,4.560934899356579e-4,Cunard Pond - Lake Banook 1
toc_mgl,406.57875497696045,3.3364682237320005,4.242506390173453e-4,6.82940053052312e-4,Lake Fletcher - Turtle Creek Reservoir
toc_mgl,406.57875497696045,2.9029265408389686,0.001848466710078958,0.0029047334015526484,Cunard Pond - Lake Banook 2
toc_mgl,406.57875497696045,2.771869122873631,0.002786772030659701,0.004277371023803263,Shubenacadie Canal - Tower Road Reservoir
toc_mgl,406.57875497696045,2.2786278661593977,0.011344598000295372,0.01701689700044306,Kearney Lake - Penhorn Lake
toc_mgl,406.57875497696045,-2.185968356888923,0.014408960228892957,0.021133141669043003,Cunard Pond - Tower Road Reservoir
toc_mgl,406.57875497696045,2.112605241599008,0.017317284858991974,0.024317889376456816,Lake Fletcher - Shubenacadie Canal
toc_mgl,406.57875497696045,2.1187715792826003,0.017054887859687,0.02447005649433352,Kearney Lake - Lake Charles 1
toc_mgl,406.57875497696045,2.0538697731478246,0.019994148788519184,0.027491954584213878,Kearney Lake - Lake Charles 2
toc_mgl,406.57875497696045,-1.8087617878227165,0.03524400958718922,0.04747152311743854,Tower Road Reservoir - Turtle Creek Reservoir
toc_mgl,406.57875497696045,-1.7282522443636301,0.041971505409311986,0.055402387140291824,Kearney Lake - Lake Fletcher
toc_mgl,406.57875497696045,1.7142996886354476,0.043236850152023255,0.05595357078497128,Kearney Lake - Turtle Creek Reservoir
toc_mgl,406.57875497696045,1.6584340073343946,0.04861494863211433,0.0617035886484528,Lake Charles 2 - Tower Road Reservoir
toc_mgl,406.57875497696045,1.5861560129423236,0.05635196160897799,0.0701741408715575,Lake Charles 1 - Tower Road Reservoir
toc_mgl,406.57875497696045,-1.5357001315985073,0.062305971396268436,0.07615174281766143,Penhorn Lake - Shubenacadie Canal
toc_mgl,406.57875497696045,1.4247492796709906,0.07711484425633566,0.0925378131076028,Penhorn Lake - Tower Road Reservoir
toc_mgl,406.57875497696045,-1.387312417789119,0.08267325909206516,0.09743634107279109,Lake Charles 1 - Shubenacadie Canal
toc_mgl,406.57875497696045,-1.3255637581953181,0.09249211870934793,0.10709613745292919,Lake Charles 2 - Shubenacadie Canal
toc_mgl,406.57875497696045,1.052411961861886,0.14630529147449123,0.16648533167786933,Shubenacadie Canal - Turtle Creek Reservoir
toc_mgl,406.57875497696045,0.5421293198454166,0.29386471091436783,0.32325118200580466,Kearney Lake - Shubenacadie Canal
toc_mgl,406.57875497696045,-0.5451392975696451,0.2928288584257402,0.32757126535760767,Lake Banook 1 - Lake Banook 2
toc_mgl,406.57875497696045,-0.4644389592079037,0.3211666414973674,0.34749177604633197,Penhorn Lake - Turtle Creek Reservoir
toc_mgl,406.57875497696045,-0.30586974736731287,0.3798519104134983,0.4043584852788853,Lake Charles 1 - Turtle Creek Reservoir
toc_mgl,406.57875497696045,-0.23801248167172243,0.4059357066918734,0.41862119752599447,Lake Charles 2 - Turtle Creek Reservoir
toc_mgl,406.57875497696045,0.23979010944036458,0.40524648741904346,0.42454393920090266,Lake Charles 2 - Penhorn Lake
toc_mgl,406.57875497696045,0.16727757615597655,0.4335758235839087,0.44024622086981496,Lake Charles 1 - Penhorn Lake
toc_mgl,406.57875497696045,-0.0721953615400841,0.47122321824893054,0.47122321824893054,Lake Charles 1 - Lake Charles 2
