model,specificity,lower,upper,sensitivity,model_type
full_test_2024,0,1,1,1,Tested on 2024
full_test_2024,0.005649717514124242,1,1,1,Tested on 2024
full_test_2024,0.011299435028248594,1,1,1,Tested on 2024
full_test_2024,0.016949152542372836,1,1,1,Tested on 2024
full_test_2024,0.02259887005649719,1,1,1,Tested on 2024
full_test_2024,0.02824858757062143,1,1,1,Tested on 2024
full_test_2024,0.03389830508474578,1,1,1,Tested on 2024
full_test_2024,0.039548022598870025,1,1,1,Tested on 2024
full_test_2024,0.04519774011299438,1,1,1,Tested on 2024
full_test_2024,0.05084745762711862,1,1,1,Tested on 2024
full_test_2024,0.05649717514124297,1,1,1,Tested on 2024
full_test_2024,0.062146892655367214,1,1,1,Tested on 2024
full_test_2024,0.06779661016949157,1,1,1,Tested on 2024
full_test_2024,0.07344632768361581,1,1,1,Tested on 2024
full_test_2024,0.07909604519774016,1,1,1,Tested on 2024
full_test_2024,0.0847457627118644,1,1,1,Tested on 2024
full_test_2024,0.09039548022598876,0.9918032786885246,1,1,Tested on 2024
full_test_2024,0.096045197740113,0.9836065573770492,1,1,Tested on 2024
full_test_2024,0.10169491525423724,0.9836065573770492,1,1,Tested on 2024
full_test_2024,0.10734463276836159,0.9836065573770492,1,1,Tested on 2024
full_test_2024,0.11299435028248583,0.9836065573770492,1,0.9918032786885246,Tested on 2024
full_test_2024,0.11864406779661019,0.9836065573770492,1,0.9836065573770492,Tested on 2024
full_test_2024,0.12429378531073443,0.9754098360655737,1,0.9836065573770492,Tested on 2024
full_test_2024,0.12994350282485878,0.9672131147540983,1,0.9836065573770492,Tested on 2024
full_test_2024,0.13559322033898302,0.9672131147540983,0.9918032786885246,0.9836065573770492,Tested on 2024
full_test_2024,0.14124293785310738,0.9590163934426229,0.9836065573770492,0.9754098360655737,Tested on 2024
full_test_2024,0.14689265536723162,0.9508196721311475,0.9836065573770492,0.9672131147540983,Tested on 2024
full_test_2024,0.15254237288135597,0.9508196721311475,0.9836065573770492,0.9672131147540983,Tested on 2024
full_test_2024,0.1581920903954802,0.9508196721311475,0.9754098360655737,0.9672131147540983,Tested on 2024
full_test_2024,0.16384180790960456,0.9508196721311475,0.9672131147540983,0.9672131147540983,Tested on 2024
full_test_2024,0.1694915254237288,0.9508196721311475,0.9672131147540983,0.9590163934426229,Tested on 2024
full_test_2024,0.17514124293785316,0.9508196721311475,0.9672131147540983,0.9508196721311475,Tested on 2024
full_test_2024,0.1807909604519774,0.9508196721311475,0.9672131147540983,0.9508196721311475,Tested on 2024
full_test_2024,0.18644067796610164,0.9508196721311475,0.9672131147540983,0.9508196721311475,Tested on 2024
full_test_2024,0.192090395480226,0.9426229508196722,0.9590163934426229,0.9508196721311475,Tested on 2024
full_test_2024,0.19774011299435024,0.9344262295081968,0.9508196721311475,0.9508196721311475,Tested on 2024
full_test_2024,0.2033898305084746,0.9344262295081968,0.9508196721311475,0.9508196721311475,Tested on 2024
full_test_2024,0.20903954802259883,0.9344262295081968,0.9508196721311475,0.9508196721311475,Tested on 2024
full_test_2024,0.21468926553672318,0.9262295081967213,0.9508196721311475,0.9426229508196722,Tested on 2024
full_test_2024,0.22033898305084743,0.9180327868852459,0.9508196721311475,0.9344262295081968,Tested on 2024
full_test_2024,0.22598870056497178,0.9180327868852459,0.9344262295081968,0.9344262295081968,Tested on 2024
full_test_2024,0.23163841807909602,0.9180327868852459,0.9344262295081968,0.9262295081967213,Tested on 2024
full_test_2024,0.23728813559322037,0.9180327868852459,0.9344262295081968,0.9180327868852459,Tested on 2024
full_test_2024,0.24293785310734461,0.9180327868852459,0.9344262295081968,0.9180327868852459,Tested on 2024
full_test_2024,0.24858757062146897,0.9180327868852459,0.9344262295081968,0.9180327868852459,Tested on 2024
full_test_2024,0.2542372881355932,0.9180327868852459,0.9344262295081968,0.9180327868852459,Tested on 2024
full_test_2024,0.25988700564971756,0.9180327868852459,0.9344262295081968,0.9180327868852459,Tested on 2024
full_test_2024,0.2655367231638418,0.9016393442622951,0.9262295081967213,0.9180327868852459,Tested on 2024
full_test_2024,0.27118644067796616,0.9016393442622951,0.9180327868852459,0.9180327868852459,Tested on 2024
full_test_2024,0.2768361581920904,0.9016393442622951,0.9180327868852459,0.9180327868852459,Tested on 2024
full_test_2024,0.28248587570621464,0.9016393442622951,0.9180327868852459,0.9098360655737705,Tested on 2024
full_test_2024,0.288135593220339,0.9016393442622951,0.9180327868852459,0.9016393442622951,Tested on 2024
full_test_2024,0.29378531073446323,0.9016393442622951,0.9180327868852459,0.9016393442622951,Tested on 2024
full_test_2024,0.2994350282485876,0.8934426229508197,0.9180327868852459,0.9016393442622951,Tested on 2024
full_test_2024,0.30508474576271183,0.8852459016393442,0.9098360655737705,0.8934426229508197,Tested on 2024
full_test_2024,0.3107344632768362,0.8852459016393442,0.9016393442622951,0.8852459016393442,Tested on 2024
full_test_2024,0.3163841807909604,0.8852459016393442,0.9016393442622951,0.8852459016393442,Tested on 2024
full_test_2024,0.3220338983050848,0.8852459016393442,0.9016393442622951,0.8852459016393442,Tested on 2024
full_test_2024,0.327683615819209,0.8770491803278688,0.9016393442622951,0.8852459016393442,Tested on 2024
full_test_2024,0.33333333333333337,0.8688524590163934,0.9016393442622951,0.8852459016393442,Tested on 2024
full_test_2024,0.3389830508474576,0.8688524590163934,0.9016393442622951,0.8852459016393442,Tested on 2024
full_test_2024,0.34463276836158196,0.8688524590163934,0.9016393442622951,0.8852459016393442,Tested on 2024
full_test_2024,0.3502824858757062,0.8688524590163934,0.9016393442622951,0.8852459016393442,Tested on 2024
full_test_2024,0.35593220338983056,0.8524590163934426,0.8934426229508197,0.8688524590163934,Tested on 2024
full_test_2024,0.3615819209039548,0.8524590163934426,0.8852459016393442,0.8688524590163934,Tested on 2024
full_test_2024,0.36723163841807904,0.8524590163934426,0.8852459016393442,0.8688524590163934,Tested on 2024
full_test_2024,0.3728813559322034,0.8524590163934426,0.8852459016393442,0.8688524590163934,Tested on 2024
full_test_2024,0.37853107344632764,0.8442622950819672,0.8852459016393442,0.8524590163934426,Tested on 2024
full_test_2024,0.384180790960452,0.8360655737704918,0.8770491803278688,0.8524590163934426,Tested on 2024
full_test_2024,0.38983050847457623,0.8278688524590164,0.8688524590163934,0.8524590163934426,Tested on 2024
full_test_2024,0.3954802259887006,0.819672131147541,0.8688524590163934,0.8442622950819672,Tested on 2024
full_test_2024,0.4011299435028248,0.819672131147541,0.8688524590163934,0.8360655737704918,Tested on 2024
full_test_2024,0.4067796610169492,0.819672131147541,0.8688524590163934,0.8360655737704918,Tested on 2024
full_test_2024,0.4124293785310734,0.819672131147541,0.8688524590163934,0.8360655737704918,Tested on 2024
full_test_2024,0.4180790960451978,0.819672131147541,0.8524590163934426,0.8360655737704918,Tested on 2024
full_test_2024,0.423728813559322,0.819672131147541,0.8442622950819672,0.8278688524590164,Tested on 2024
full_test_2024,0.42937853107344637,0.8032786885245902,0.8360655737704918,0.819672131147541,Tested on 2024
full_test_2024,0.4350282485875706,0.7868852459016393,0.8360655737704918,0.8114754098360656,Tested on 2024
full_test_2024,0.44067796610169496,0.7868852459016393,0.8360655737704918,0.8032786885245902,Tested on 2024
full_test_2024,0.4463276836158192,0.7868852459016393,0.8360655737704918,0.8032786885245902,Tested on 2024
full_test_2024,0.45197740112994356,0.7868852459016393,0.819672131147541,0.8032786885245902,Tested on 2024
full_test_2024,0.4576271186440678,0.7786885245901639,0.819672131147541,0.7868852459016393,Tested on 2024
full_test_2024,0.46327683615819204,0.7704918032786885,0.819672131147541,0.7868852459016393,Tested on 2024
full_test_2024,0.4689265536723164,0.7704918032786885,0.819672131147541,0.7868852459016393,Tested on 2024
full_test_2024,0.47457627118644063,0.7622950819672131,0.8114754098360656,0.7868852459016393,Tested on 2024
full_test_2024,0.480225988700565,0.7540983606557377,0.8032786885245902,0.7786885245901639,Tested on 2024
full_test_2024,0.48587570621468923,0.7540983606557377,0.8032786885245902,0.7704918032786885,Tested on 2024
full_test_2024,0.4915254237288136,0.7540983606557377,0.7950819672131147,0.7704918032786885,Tested on 2024
full_test_2024,0.4971751412429378,0.7540983606557377,0.7868852459016393,0.7704918032786885,Tested on 2024
full_test_2024,0.5028248587570621,0.7459016393442623,0.7868852459016393,0.7622950819672131,Tested on 2024
full_test_2024,0.5084745762711864,0.7377049180327869,0.7868852459016393,0.7540983606557377,Tested on 2024
full_test_2024,0.5141242937853108,0.7213114754098361,0.7868852459016393,0.7540983606557377,Tested on 2024
full_test_2024,0.519774011299435,0.7213114754098361,0.7786885245901639,0.7459016393442623,Tested on 2024
full_test_2024,0.5254237288135593,0.7213114754098361,0.7704918032786885,0.7377049180327869,Tested on 2024
full_test_2024,0.5310734463276836,0.7131147540983607,0.7704918032786885,0.7377049180327869,Tested on 2024
full_test_2024,0.536723163841808,0.7049180327868853,0.7704918032786885,0.7213114754098361,Tested on 2024
full_test_2024,0.5423728813559322,0.6967213114754098,0.7622950819672131,0.7049180327868853,Tested on 2024
full_test_2024,0.5480225988700564,0.6885245901639344,0.7540983606557377,0.7049180327868853,Tested on 2024
full_test_2024,0.5536723163841808,0.6885245901639344,0.7540983606557377,0.7049180327868853,Tested on 2024
full_test_2024,0.5593220338983051,0.680327868852459,0.7377049180327869,0.7049180327868853,Tested on 2024
full_test_2024,0.5649717514124294,0.6721311475409836,0.7377049180327869,0.7049180327868853,Tested on 2024
full_test_2024,0.5706214689265536,0.6721311475409836,0.7377049180327869,0.7049180327868853,Tested on 2024
full_test_2024,0.576271186440678,0.6557377049180327,0.7213114754098361,0.6885245901639344,Tested on 2024
full_test_2024,0.5819209039548023,0.639344262295082,0.7049180327868853,0.6885245901639344,Tested on 2024
full_test_2024,0.5875706214689266,0.6311475409836066,0.7049180327868853,0.6885245901639344,Tested on 2024
full_test_2024,0.5932203389830508,0.6229508196721312,0.7049180327868853,0.6721311475409836,Tested on 2024
full_test_2024,0.5988700564971752,0.6229508196721312,0.7049180327868853,0.6557377049180327,Tested on 2024
full_test_2024,0.6045197740112994,0.5983606557377049,0.6885245901639344,0.6557377049180327,Tested on 2024
full_test_2024,0.6101694915254237,0.5819672131147541,0.6885245901639344,0.639344262295082,Tested on 2024
full_test_2024,0.615819209039548,0.5737704918032787,0.6885245901639344,0.639344262295082,Tested on 2024
full_test_2024,0.6214689265536724,0.5737704918032787,0.6721311475409836,0.6229508196721312,Tested on 2024
full_test_2024,0.6271186440677966,0.5737704918032787,0.6721311475409836,0.6147540983606558,Tested on 2024
full_test_2024,0.6327683615819208,0.5737704918032787,0.6721311475409836,0.6065573770491803,Tested on 2024
full_test_2024,0.6384180790960452,0.5573770491803278,0.6557377049180327,0.5983606557377049,Tested on 2024
full_test_2024,0.6440677966101696,0.5409836065573771,0.639344262295082,0.5901639344262295,Tested on 2024
full_test_2024,0.6497175141242938,0.5327868852459017,0.639344262295082,0.5737704918032787,Tested on 2024
full_test_2024,0.655367231638418,0.5245901639344263,0.639344262295082,0.5655737704918032,Tested on 2024
full_test_2024,0.6610169491525424,0.5245901639344263,0.6311475409836066,0.5573770491803278,Tested on 2024
full_test_2024,0.6666666666666667,0.5,0.6229508196721312,0.5491803278688525,Tested on 2024
full_test_2024,0.672316384180791,0.4918032786885246,0.6229508196721312,0.5327868852459017,Tested on 2024
full_test_2024,0.6779661016949152,0.4918032786885246,0.6147540983606558,0.5245901639344263,Tested on 2024
full_test_2024,0.6836158192090396,0.47540983606557374,0.5737704918032787,0.5163934426229508,Tested on 2024
full_test_2024,0.6892655367231638,0.47540983606557374,0.5573770491803278,0.5,Tested on 2024
full_test_2024,0.6949152542372881,0.47540983606557374,0.5573770491803278,0.4918032786885246,Tested on 2024
full_test_2024,0.7005649717514124,0.45901639344262296,0.5573770491803278,0.48360655737704916,Tested on 2024
full_test_2024,0.7062146892655368,0.4426229508196721,0.5409836065573771,0.47540983606557374,Tested on 2024
full_test_2024,0.711864406779661,0.4426229508196721,0.5245901639344263,0.47540983606557374,Tested on 2024
full_test_2024,0.7175141242937852,0.4262295081967213,0.5245901639344263,0.45901639344262296,Tested on 2024
full_test_2024,0.7231638418079096,0.4180327868852459,0.5163934426229508,0.45081967213114754,Tested on 2024
full_test_2024,0.728813559322034,0.4098360655737705,0.5081967213114754,0.4262295081967213,Tested on 2024
full_test_2024,0.7344632768361582,0.39344262295081966,0.4918032786885246,0.4180327868852459,Tested on 2024
full_test_2024,0.7401129943502824,0.39344262295081966,0.48360655737704916,0.4098360655737705,Tested on 2024
full_test_2024,0.7457627118644068,0.38524590163934425,0.45901639344262296,0.4098360655737705,Tested on 2024
full_test_2024,0.751412429378531,0.36065573770491804,0.45901639344262296,0.4098360655737705,Tested on 2024
full_test_2024,0.7570621468926554,0.36065573770491804,0.4426229508196721,0.39344262295081966,Tested on 2024
full_test_2024,0.7627118644067796,0.36065573770491804,0.4262295081967213,0.39344262295081966,Tested on 2024
full_test_2024,0.768361581920904,0.3442622950819672,0.4180327868852459,0.39344262295081966,Tested on 2024
full_test_2024,0.7740112994350282,0.3442622950819672,0.4098360655737705,0.3524590163934426,Tested on 2024
full_test_2024,0.7796610169491526,0.32786885245901637,0.4098360655737705,0.3442622950819672,Tested on 2024
full_test_2024,0.7853107344632768,0.3114754098360656,0.39344262295081966,0.3442622950819672,Tested on 2024
full_test_2024,0.7909604519774012,0.3114754098360656,0.39344262295081966,0.32786885245901637,Tested on 2024
full_test_2024,0.7966101694915254,0.3114754098360656,0.36065573770491804,0.32786885245901637,Tested on 2024
full_test_2024,0.8022598870056497,0.29508196721311475,0.36065573770491804,0.3114754098360656,Tested on 2024
full_test_2024,0.807909604519774,0.2786885245901639,0.3442622950819672,0.3114754098360656,Tested on 2024
full_test_2024,0.8135593220338984,0.2540983606557377,0.3442622950819672,0.29508196721311475,Tested on 2024
full_test_2024,0.8192090395480226,0.2459016393442623,0.319672131147541,0.28688524590163933,Tested on 2024
full_test_2024,0.8248587570621468,0.23770491803278687,0.3114754098360656,0.2704918032786885,Tested on 2024
full_test_2024,0.8305084745762712,0.22131147540983606,0.29508196721311475,0.2540983606557377,Tested on 2024
full_test_2024,0.8361581920903955,0.21311475409836064,0.29508196721311475,0.2459016393442623,Tested on 2024
full_test_2024,0.8418079096045198,0.21311475409836064,0.26229508196721313,0.2459016393442623,Tested on 2024
full_test_2024,0.847457627118644,0.20491803278688525,0.26229508196721313,0.22131147540983606,Tested on 2024
full_test_2024,0.8531073446327684,0.19672131147540983,0.22950819672131148,0.21311475409836064,Tested on 2024
full_test_2024,0.8587570621468926,0.1885245901639344,0.22131147540983606,0.20491803278688525,Tested on 2024
full_test_2024,0.864406779661017,0.1721311475409836,0.21311475409836064,0.19672131147540983,Tested on 2024
full_test_2024,0.8700564971751412,0.1557377049180328,0.19672131147540983,0.1885245901639344,Tested on 2024
full_test_2024,0.8757062146892656,0.14754098360655737,0.1885245901639344,0.18032786885245902,Tested on 2024
full_test_2024,0.8813559322033898,0.14754098360655737,0.18032786885245902,0.1721311475409836,Tested on 2024
full_test_2024,0.8870056497175142,0.13934426229508196,0.16393442622950818,0.1557377049180328,Tested on 2024
full_test_2024,0.8926553672316384,0.13114754098360656,0.16393442622950818,0.14754098360655737,Tested on 2024
full_test_2024,0.8983050847457628,0.12295081967213115,0.14754098360655737,0.13934426229508196,Tested on 2024
full_test_2024,0.903954802259887,0.11475409836065574,0.14754098360655737,0.12295081967213115,Tested on 2024
full_test_2024,0.9096045197740112,0.11475409836065574,0.13114754098360656,0.11475409836065574,Tested on 2024
full_test_2024,0.9152542372881356,0.11475409836065574,0.13114754098360656,0.11475409836065574,Tested on 2024
full_test_2024,0.9209039548022598,0.09836065573770492,0.11475409836065574,0.11475409836065574,Tested on 2024
full_test_2024,0.9265536723163842,0.0901639344262295,0.10655737704918034,0.09836065573770492,Tested on 2024
full_test_2024,0.9322033898305084,0.08196721311475409,0.09836065573770492,0.08196721311475409,Tested on 2024
full_test_2024,0.9378531073446328,0.06557377049180328,0.0901639344262295,0.08196721311475409,Tested on 2024
full_test_2024,0.943502824858757,0.04918032786885246,0.08196721311475409,0.07377049180327869,Tested on 2024
full_test_2024,0.9491525423728814,0.04918032786885246,0.06557377049180328,0.06557377049180328,Tested on 2024
full_test_2024,0.9548022598870056,0.04098360655737705,0.05737704918032787,0.04918032786885246,Tested on 2024
full_test_2024,0.96045197740113,0.03278688524590164,0.04918032786885246,0.04098360655737705,Tested on 2024
full_test_2024,0.9661016949152542,0.02459016393442623,0.04918032786885246,0.03278688524590164,Tested on 2024
full_test_2024,0.9717514124293786,0.01639344262295082,0.03278688524590164,0.02459016393442623,Tested on 2024
full_test_2024,0.9774011299435028,0.00819672131147541,0.01639344262295082,0.00819672131147541,Tested on 2024
full_test_2024,0.9830508474576272,0,0,0,Tested on 2024
full_test_2024,0.9887005649717514,0,0,0,Tested on 2024
full_test_2024,0.9943502824858758,0,0,0,Tested on 2024
full_test_2024,1,0,0,0,Tested on 2024
full_test_b2,0,1,1,1,Tested on Location
full_test_b2,0.017241379310344862,1,1,1,Tested on Location
full_test_b2,0.03448275862068961,1,1,1,Tested on Location
full_test_b2,0.051724137931034475,1,1,1,Tested on Location
full_test_b2,0.06896551724137934,1,1,1,Tested on Location
full_test_b2,0.08620689655172409,1,1,1,Tested on Location
full_test_b2,0.10344827586206895,1,1,1,Tested on Location
full_test_b2,0.12068965517241381,1,1,1,Tested on Location
full_test_b2,0.13793103448275867,1,1,1,Tested on Location
full_test_b2,0.15517241379310343,1,1,1,Tested on Location
full_test_b2,0.1724137931034483,1,1,1,Tested on Location
full_test_b2,0.18965517241379315,1,1,1,Tested on Location
full_test_b2,0.2068965517241379,1,1,1,Tested on Location
full_test_b2,0.22413793103448276,1,1,1,Tested on Location
full_test_b2,0.24137931034482762,1,1,1,Tested on Location
full_test_b2,0.2586206896551724,1,1,1,Tested on Location
full_test_b2,0.27586206896551724,1,1,1,Tested on Location
full_test_b2,0.2931034482758621,1,1,1,Tested on Location
full_test_b2,0.31034482758620685,1,1,1,Tested on Location
full_test_b2,0.3275862068965517,1,1,1,Tested on Location
full_test_b2,0.3448275862068966,1,1,1,Tested on Location
full_test_b2,0.3620689655172413,1,1,1,Tested on Location
full_test_b2,0.3793103448275862,1,1,1,Tested on Location
full_test_b2,0.39655172413793105,1,1,1,Tested on Location
full_test_b2,0.4137931034482759,1,1,1,Tested on Location
full_test_b2,0.43103448275862066,1,1,1,Tested on Location
full_test_b2,0.4482758620689655,1,1,1,Tested on Location
full_test_b2,0.4655172413793104,1,1,1,Tested on Location
full_test_b2,0.48275862068965514,1,1,1,Tested on Location
full_test_b2,0.5,1,1,1,Tested on Location
full_test_b2,0.5172413793103448,1,1,1,Tested on Location
full_test_b2,0.5344827586206897,1,1,1,Tested on Location
full_test_b2,0.5517241379310345,1,1,1,Tested on Location
full_test_b2,0.5689655172413793,1,1,1,Tested on Location
full_test_b2,0.5862068965517242,1,1,1,Tested on Location
full_test_b2,0.603448275862069,1,1,1,Tested on Location
full_test_b2,0.6206896551724138,1,1,1,Tested on Location
full_test_b2,0.6379310344827587,1,1,1,Tested on Location
full_test_b2,0.6551724137931034,1,1,1,Tested on Location
full_test_b2,0.6724137931034483,1,1,1,Tested on Location
full_test_b2,0.6896551724137931,0.9583333333333333,1,1,Tested on Location
full_test_b2,0.7068965517241379,0.9583333333333333,1,1,Tested on Location
full_test_b2,0.7241379310344828,0.8333333333333333,1,1,Tested on Location
full_test_b2,0.7413793103448276,0.6666666666666666,1,1,Tested on Location
full_test_b2,0.7586206896551724,0.6666666666666666,1,1,Tested on Location
full_test_b2,0.7758620689655172,0.6666666666666666,1,0.8333333333333333,Tested on Location
full_test_b2,0.7931034482758621,0.6666666666666666,0.9166666666666666,0.6666666666666666,Tested on Location
full_test_b2,0.8103448275862069,0.6666666666666666,0.9166666666666666,0.6666666666666666,Tested on Location
full_test_b2,0.8275862068965517,0.6666666666666666,0.9166666666666666,0.6666666666666666,Tested on Location
full_test_b2,0.8448275862068966,0.6666666666666666,0.6666666666666666,0.6666666666666666,Tested on Location
full_test_b2,0.8620689655172413,0.5,0.6666666666666666,0.6666666666666666,Tested on Location
full_test_b2,0.8793103448275862,0.3333333333333333,0.6666666666666666,0.6666666666666666,Tested on Location
full_test_b2,0.896551724137931,0.3333333333333333,0.6666666666666666,0.6666666666666666,Tested on Location
full_test_b2,0.9137931034482758,0.3333333333333333,0.5,0.3333333333333333,Tested on Location
full_test_b2,0.9310344827586207,0.16666666666666666,0.3333333333333333,0.3333333333333333,Tested on Location
full_test_b2,0.9482758620689655,0,0.3333333333333333,0.16666666666666666,Tested on Location
full_test_b2,0.9655172413793104,0,0.16666666666666666,0,Tested on Location
full_test_b2,0.9827586206896551,0,0,0,Tested on Location
full_test_b2,1,0,0,0,Tested on Location
full_test_cunard,0,1,1,1,Tested on Location
full_test_cunard,0.014705882352941124,1,1,1,Tested on Location
full_test_cunard,0.02941176470588236,1,1,1,Tested on Location
full_test_cunard,0.044117647058823484,1,1,1,Tested on Location
full_test_cunard,0.05882352941176472,1,1,1,Tested on Location
full_test_cunard,0.07352941176470584,1,1,1,Tested on Location
full_test_cunard,0.08823529411764708,1,1,1,Tested on Location
full_test_cunard,0.1029411764705882,1,1,1,Tested on Location
full_test_cunard,0.11764705882352944,1,1,1,Tested on Location
full_test_cunard,0.13235294117647056,1,1,1,Tested on Location
full_test_cunard,0.1470588235294118,1,1,1,Tested on Location
full_test_cunard,0.16176470588235292,1,1,1,Tested on Location
full_test_cunard,0.17647058823529416,1,1,1,Tested on Location
full_test_cunard,0.19117647058823528,1,1,1,Tested on Location
full_test_cunard,0.20588235294117652,1,1,1,Tested on Location
full_test_cunard,0.22058823529411764,1,1,1,Tested on Location
full_test_cunard,0.23529411764705888,1,1,1,Tested on Location
full_test_cunard,0.25,1,1,1,Tested on Location
full_test_cunard,0.2647058823529411,1,1,1,Tested on Location
full_test_cunard,0.27941176470588236,1,1,1,Tested on Location
full_test_cunard,0.2941176470588235,1,1,1,Tested on Location
full_test_cunard,0.3088235294117647,1,1,1,Tested on Location
full_test_cunard,0.32352941176470584,1,1,1,Tested on Location
full_test_cunard,0.3382352941176471,1,1,1,Tested on Location
full_test_cunard,0.3529411764705882,1,1,1,Tested on Location
full_test_cunard,0.36764705882352944,1,1,1,Tested on Location
full_test_cunard,0.38235294117647056,0.75,1,1,Tested on Location
full_test_cunard,0.3970588235294118,0.5,1,1,Tested on Location
full_test_cunard,0.4117647058823529,0.5,1,1,Tested on Location
full_test_cunard,0.42647058823529416,0.5,1,0.75,Tested on Location
full_test_cunard,0.4411764705882353,0.5,1,0.5,Tested on Location
full_test_cunard,0.4558823529411765,0.5,1,0.5,Tested on Location
full_test_cunard,0.47058823529411764,0.5,0.75,0.5,Tested on Location
full_test_cunard,0.4852941176470589,0.5,0.5,0.5,Tested on Location
full_test_cunard,0.5,0.5,0.5,0.5,Tested on Location
full_test_cunard,0.5147058823529411,0.5,0.5,0.5,Tested on Location
full_test_cunard,0.5294117647058824,0.5,0.5,0.5,Tested on Location
full_test_cunard,0.5441176470588236,0.5,0.5,0.5,Tested on Location
full_test_cunard,0.5588235294117647,0.5,0.5,0.5,Tested on Location
full_test_cunard,0.5735294117647058,0.5,0.5,0.5,Tested on Location
full_test_cunard,0.5882352941176471,0.5,0.5,0.5,Tested on Location
full_test_cunard,0.6029411764705883,0.5,0.5,0.5,Tested on Location
full_test_cunard,0.6176470588235294,0.5,0.5,0.5,Tested on Location
full_test_cunard,0.6323529411764706,0.5,0.5,0.5,Tested on Location
full_test_cunard,0.6470588235294117,0.5,0.5,0.5,Tested on Location
full_test_cunard,0.6617647058823529,0.5,0.5,0.5,Tested on Location
full_test_cunard,0.6764705882352942,0.5,0.5,0.5,Tested on Location
full_test_cunard,0.6911764705882353,0.5,0.5,0.5,Tested on Location
full_test_cunard,0.7058823529411764,0.5,0.5,0.5,Tested on Location
full_test_cunard,0.7205882352941176,0.5,0.5,0.5,Tested on Location
full_test_cunard,0.7352941176470589,0.5,0.5,0.5,Tested on Location
full_test_cunard,0.75,0.5,0.5,0.5,Tested on Location
full_test_cunard,0.7647058823529411,0.5,0.5,0.5,Tested on Location
full_test_cunard,0.7794117647058824,0.5,0.5,0.5,Tested on Location
full_test_cunard,0.7941176470588236,0.25,0.5,0.5,Tested on Location
full_test_cunard,0.8088235294117647,0,0.5,0.5,Tested on Location
full_test_cunard,0.8235294117647058,0,0.5,0.25,Tested on Location
full_test_cunard,0.8382352941176471,0,0.5,0,Tested on Location
full_test_cunard,0.8529411764705882,0,0.25,0,Tested on Location
full_test_cunard,0.8676470588235294,0,0,0,Tested on Location
full_test_cunard,0.8823529411764706,0,0,0,Tested on Location
full_test_cunard,0.8970588235294118,0,0,0,Tested on Location
full_test_cunard,0.9117647058823529,0,0,0,Tested on Location
full_test_cunard,0.9264705882352942,0,0,0,Tested on Location
full_test_cunard,0.9411764705882353,0,0,0,Tested on Location
full_test_cunard,0.9558823529411765,0,0,0,Tested on Location
full_test_cunard,0.9705882352941176,0,0,0,Tested on Location
full_test_cunard,0.9852941176470589,0,0,0,Tested on Location
full_test_cunard,1,0,0,0,Tested on Location
full_test_fletcher,0,1,1,1,Tested on Location
full_test_fletcher,0.033333333333333326,1,1,1,Tested on Location
full_test_fletcher,0.06666666666666665,0.984375,1,1,Tested on Location
full_test_fletcher,0.09999999999999998,0.96875,1,0.984375,Tested on Location
full_test_fletcher,0.1333333333333333,0.9375,1,0.96875,Tested on Location
full_test_fletcher,0.16666666666666663,0.921875,0.96875,0.953125,Tested on Location
full_test_fletcher,0.19999999999999996,0.875,0.9375,0.921875,Tested on Location
full_test_fletcher,0.23333333333333328,0.875,0.90625,0.875,Tested on Location
full_test_fletcher,0.2666666666666667,0.8125,0.890625,0.859375,Tested on Location
full_test_fletcher,0.30000000000000004,0.8125,0.875,0.84375,Tested on Location
full_test_fletcher,0.33333333333333337,0.78125,0.84375,0.8125,Tested on Location
full_test_fletcher,0.3666666666666667,0.75,0.828125,0.78125,Tested on Location
full_test_fletcher,0.4,0.71875,0.8125,0.78125,Tested on Location
full_test_fletcher,0.43333333333333335,0.703125,0.765625,0.734375,Tested on Location
full_test_fletcher,0.4666666666666667,0.65625,0.734375,0.703125,Tested on Location
full_test_fletcher,0.5,0.625,0.71875,0.6875,Tested on Location
full_test_fletcher,0.5333333333333333,0.625,0.703125,0.65625,Tested on Location
full_test_fletcher,0.5666666666666667,0.625,0.6875,0.65625,Tested on Location
full_test_fletcher,0.6,0.609375,0.65625,0.625,Tested on Location
full_test_fletcher,0.6333333333333333,0.59375,0.625,0.609375,Tested on Location
full_test_fletcher,0.6666666666666667,0.578125,0.609375,0.59375,Tested on Location
full_test_fletcher,0.7,0.5625,0.59375,0.578125,Tested on Location
full_test_fletcher,0.7333333333333334,0.53125,0.59375,0.5625,Tested on Location
full_test_fletcher,0.7666666666666666,0.5,0.5625,0.53125,Tested on Location
full_test_fletcher,0.8,0.46875,0.53125,0.515625,Tested on Location
full_test_fletcher,0.8333333333333334,0.4375,0.515625,0.5,Tested on Location
full_test_fletcher,0.8666666666666667,0.421875,0.5,0.46875,Tested on Location
full_test_fletcher,0.9,0.40625,0.46875,0.4375,Tested on Location
full_test_fletcher,0.9333333333333333,0.40625,0.4375,0.40625,Tested on Location
full_test_fletcher,0.9666666666666667,0.359375,0.40625,0.40625,Tested on Location
full_test_fletcher,1,0.171875,0.203125,0.1875,Tested on Location
full_test_inp,0,1,1,1,Tested on Location
full_test_inp,0.023809523809523836,0.9375,0.9791666666666667,0.9583333333333334,Tested on Location
full_test_inp,0.04761904761904767,0.875,0.9375,0.9166666666666666,Tested on Location
full_test_inp,0.0714285714285714,0.8333333333333334,0.9166666666666666,0.8541666666666667,Tested on Location
full_test_inp,0.09523809523809523,0.7916666666666666,0.875,0.8125,Tested on Location
full_test_inp,0.11904761904761907,0.7708333333333333,0.8333333333333334,0.7916666666666666,Tested on Location
full_test_inp,0.1428571428571429,0.75,0.8333333333333334,0.7916666666666666,Tested on Location
full_test_inp,0.16666666666666663,0.75,0.7916666666666666,0.7708333333333333,Tested on Location
full_test_inp,0.19047619047619047,0.7291666666666667,0.7916666666666666,0.75,Tested on Location
full_test_inp,0.2142857142857143,0.6875,0.75,0.75,Tested on Location
full_test_inp,0.23809523809523814,0.6666666666666666,0.75,0.7083333333333334,Tested on Location
full_test_inp,0.26190476190476186,0.6666666666666666,0.75,0.7083333333333334,Tested on Location
full_test_inp,0.2857142857142857,0.6458333333333333,0.75,0.6875,Tested on Location
full_test_inp,0.30952380952380953,0.625,0.75,0.6666666666666666,Tested on Location
full_test_inp,0.33333333333333337,0.625,0.7291666666666667,0.6666666666666666,Tested on Location
full_test_inp,0.3571428571428571,0.625,0.7083333333333334,0.6666666666666666,Tested on Location
full_test_inp,0.38095238095238093,0.625,0.6875,0.6666666666666666,Tested on Location
full_test_inp,0.40476190476190477,0.6041666666666667,0.6666666666666666,0.6458333333333333,Tested on Location
full_test_inp,0.4285714285714286,0.5833333333333334,0.6666666666666666,0.625,Tested on Location
full_test_inp,0.45238095238095233,0.5625,0.6666666666666666,0.625,Tested on Location
full_test_inp,0.47619047619047616,0.5416666666666666,0.625,0.6041666666666667,Tested on Location
full_test_inp,0.5,0.5416666666666666,0.625,0.5833333333333334,Tested on Location
full_test_inp,0.5238095238095238,0.5208333333333333,0.5833333333333334,0.5625,Tested on Location
full_test_inp,0.5476190476190477,0.5,0.5833333333333334,0.5416666666666666,Tested on Location
full_test_inp,0.5714285714285714,0.5,0.5625,0.5208333333333333,Tested on Location
full_test_inp,0.5952380952380952,0.4583333333333333,0.5416666666666666,0.5,Tested on Location
full_test_inp,0.6190476190476191,0.4583333333333333,0.5208333333333333,0.5,Tested on Location
full_test_inp,0.6428571428571428,0.4375,0.5,0.4583333333333333,Tested on Location
full_test_inp,0.6666666666666667,0.4166666666666667,0.5,0.4583333333333333,Tested on Location
full_test_inp,0.6904761904761905,0.375,0.47916666666666663,0.4375,Tested on Location
full_test_inp,0.7142857142857143,0.35416666666666663,0.4583333333333333,0.4166666666666667,Tested on Location
full_test_inp,0.7380952380952381,0.3333333333333333,0.4375,0.39583333333333337,Tested on Location
full_test_inp,0.7619047619047619,0.3333333333333333,0.4166666666666667,0.375,Tested on Location
full_test_inp,0.7857142857142857,0.2916666666666667,0.4166666666666667,0.375,Tested on Location
full_test_inp,0.8095238095238095,0.2916666666666667,0.375,0.3333333333333333,Tested on Location
full_test_inp,0.8333333333333334,0.25,0.375,0.3125,Tested on Location
full_test_inp,0.8571428571428572,0.22916666666666669,0.3333333333333333,0.2916666666666667,Tested on Location
full_test_inp,0.8809523809523809,0.20833333333333334,0.3333333333333333,0.25,Tested on Location
full_test_inp,0.9047619047619048,0.1875,0.27083333333333337,0.22916666666666669,Tested on Location
full_test_inp,0.9285714285714286,0.14583333333333331,0.25,0.1875,Tested on Location
full_test_inp,0.9523809523809523,0.125,0.1875,0.14583333333333331,Tested on Location
full_test_inp,0.9761904761904762,0.0625,0.10416666666666666,0.0625,Tested on Location
full_test_inp,1,0,0,0,Tested on Location
full_test_kearney,0,1,1,1,Tested on Location
full_test_kearney,0.019607843137254943,1,1,1,Tested on Location
full_test_kearney,0.039215686274509776,1,1,1,Tested on Location
full_test_kearney,0.05882352941176472,1,1,1,Tested on Location
full_test_kearney,0.07843137254901966,1,1,1,Tested on Location
full_test_kearney,0.0980392156862745,1,1,1,Tested on Location
full_test_kearney,0.11764705882352944,1,1,1,Tested on Location
full_test_kearney,0.13725490196078427,1,1,1,Tested on Location
full_test_kearney,0.1568627450980392,1,1,1,Tested on Location
full_test_kearney,0.17647058823529416,1,1,1,Tested on Location
full_test_kearney,0.196078431372549,1,1,1,Tested on Location
full_test_kearney,0.21568627450980393,1,1,1,Tested on Location
full_test_kearney,0.23529411764705888,1,1,1,Tested on Location
full_test_kearney,0.2549019607843137,1,1,1,Tested on Location
full_test_kearney,0.27450980392156865,1,1,1,Tested on Location
full_test_kearney,0.2941176470588235,1,1,1,Tested on Location
full_test_kearney,0.3137254901960784,1,1,1,Tested on Location
full_test_kearney,0.33333333333333337,1,1,1,Tested on Location
full_test_kearney,0.3529411764705882,1,1,1,Tested on Location
full_test_kearney,0.37254901960784315,1,1,1,Tested on Location
full_test_kearney,0.3921568627450981,1,1,1,Tested on Location
full_test_kearney,0.4117647058823529,1,1,1,Tested on Location
full_test_kearney,0.43137254901960786,1,1,1,Tested on Location
full_test_kearney,0.4509803921568627,1,1,1,Tested on Location
full_test_kearney,0.47058823529411764,1,1,1,Tested on Location
full_test_kearney,0.4901960784313726,1,1,1,Tested on Location
full_test_kearney,0.5098039215686274,1,1,1,Tested on Location
full_test_kearney,0.5294117647058824,0.9642857142857143,1,1,Tested on Location
full_test_kearney,0.5490196078431373,0.9285714285714286,1,1,Tested on Location
full_test_kearney,0.5686274509803921,0.9285714285714286,1,0.9642857142857143,Tested on Location
full_test_kearney,0.5882352941176471,0.8928571428571428,1,0.9285714285714286,Tested on Location
full_test_kearney,0.607843137254902,0.8571428571428571,1,0.9285714285714286,Tested on Location
full_test_kearney,0.6274509803921569,0.8571428571428571,0.9642857142857143,0.8928571428571428,Tested on Location
full_test_kearney,0.6470588235294117,0.8214285714285714,0.9285714285714286,0.8571428571428571,Tested on Location
full_test_kearney,0.6666666666666667,0.7857142857142857,0.8571428571428571,0.8571428571428571,Tested on Location
full_test_kearney,0.6862745098039216,0.75,0.8571428571428571,0.7857142857142857,Tested on Location
full_test_kearney,0.7058823529411764,0.7142857142857143,0.7857142857142857,0.75,Tested on Location
full_test_kearney,0.7254901960784313,0.7142857142857143,0.75,0.7142857142857143,Tested on Location
full_test_kearney,0.7450980392156863,0.7142857142857143,0.7142857142857143,0.7142857142857143,Tested on Location
full_test_kearney,0.7647058823529411,0.6428571428571429,0.7142857142857143,0.7142857142857143,Tested on Location
full_test_kearney,0.7843137254901961,0.5714285714285714,0.6428571428571429,0.6071428571428572,Tested on Location
full_test_kearney,0.803921568627451,0.4642857142857143,0.5714285714285714,0.5,Tested on Location
full_test_kearney,0.8235294117647058,0.35714285714285715,0.5357142857142857,0.42857142857142855,Tested on Location
full_test_kearney,0.8431372549019608,0.3214285714285714,0.42857142857142855,0.39285714285714285,Tested on Location
full_test_kearney,0.8627450980392157,0.2857142857142857,0.35714285714285715,0.35714285714285715,Tested on Location
full_test_kearney,0.8823529411764706,0.17857142857142855,0.3214285714285714,0.2857142857142857,Tested on Location
full_test_kearney,0.9019607843137255,0.10714285714285714,0.21428571428571427,0.14285714285714285,Tested on Location
full_test_kearney,0.9215686274509804,0.03571428571428571,0.14285714285714285,0.07142857142857142,Tested on Location
full_test_kearney,0.9411764705882353,0,0.07142857142857142,0.03571428571428571,Tested on Location
full_test_kearney,0.9607843137254902,0,0.03571428571428571,0,Tested on Location
full_test_kearney,0.9803921568627451,0,0,0,Tested on Location
full_test_kearney,1,0,0,0,Tested on Location
full_test_lc1,0,1,1,1,Tested on Location
full_test_lc1,0.021739130434782594,1,1,1,Tested on Location
full_test_lc1,0.04347826086956519,1,1,1,Tested on Location
full_test_lc1,0.06521739130434778,1,1,1,Tested on Location
full_test_lc1,0.08695652173913049,1,1,1,Tested on Location
full_test_lc1,0.10869565217391308,1,1,1,Tested on Location
full_test_lc1,0.13043478260869568,1,1,1,Tested on Location
full_test_lc1,0.15217391304347827,1,1,1,Tested on Location
full_test_lc1,0.17391304347826086,1,1,1,Tested on Location
full_test_lc1,0.19565217391304346,1,1,1,Tested on Location
full_test_lc1,0.21739130434782605,1,1,1,Tested on Location
full_test_lc1,0.23913043478260865,1,1,1,Tested on Location
full_test_lc1,0.26086956521739135,1,1,1,Tested on Location
full_test_lc1,0.28260869565217395,1,1,1,Tested on Location
full_test_lc1,0.30434782608695654,1,1,1,Tested on Location
full_test_lc1,0.32608695652173914,1,1,1,Tested on Location
full_test_lc1,0.34782608695652173,1,1,1,Tested on Location
full_test_lc1,0.3695652173913043,1,1,1,Tested on Location
full_test_lc1,0.3913043478260869,1,1,1,Tested on Location
full_test_lc1,0.4130434782608695,1,1,1,Tested on Location
full_test_lc1,0.4347826086956522,1,1,1,Tested on Location
full_test_lc1,0.4565217391304348,1,1,1,Tested on Location
full_test_lc1,0.4782608695652174,1,1,1,Tested on Location
full_test_lc1,0.5,1,1,1,Tested on Location
full_test_lc1,0.5217391304347826,1,1,1,Tested on Location
full_test_lc1,0.5434782608695652,1,1,1,Tested on Location
full_test_lc1,0.5652173913043479,0.9666666666666667,1,1,Tested on Location
full_test_lc1,0.5869565217391304,0.9333333333333333,1,1,Tested on Location
full_test_lc1,0.6086956521739131,0.9333333333333333,1,1,Tested on Location
full_test_lc1,0.6304347826086957,0.9333333333333333,1,0.9666666666666667,Tested on Location
full_test_lc1,0.6521739130434783,0.9333333333333333,1,0.9333333333333333,Tested on Location
full_test_lc1,0.6739130434782609,0.9333333333333333,0.9666666666666667,0.9333333333333333,Tested on Location
full_test_lc1,0.6956521739130435,0.9333333333333333,0.9333333333333333,0.9333333333333333,Tested on Location
full_test_lc1,0.7173913043478262,0.9333333333333333,0.9333333333333333,0.9333333333333333,Tested on Location
full_test_lc1,0.7391304347826086,0.9333333333333333,0.9333333333333333,0.9333333333333333,Tested on Location
full_test_lc1,0.7608695652173914,0.9333333333333333,0.9333333333333333,0.9333333333333333,Tested on Location
full_test_lc1,0.782608695652174,0.9333333333333333,0.9333333333333333,0.9333333333333333,Tested on Location
full_test_lc1,0.8043478260869565,0.9333333333333333,0.9333333333333333,0.9333333333333333,Tested on Location
full_test_lc1,0.8260869565217391,0.9,0.9333333333333333,0.9333333333333333,Tested on Location
full_test_lc1,0.8478260869565217,0.8666666666666667,0.9333333333333333,0.9333333333333333,Tested on Location
full_test_lc1,0.8695652173913043,0.8666666666666667,0.9333333333333333,0.9,Tested on Location
full_test_lc1,0.8913043478260869,0.8333333333333334,0.9,0.8666666666666667,Tested on Location
full_test_lc1,0.9130434782608696,0.8,0.8666666666666667,0.8333333333333334,Tested on Location
full_test_lc1,0.9347826086956522,0.7333333333333333,0.8333333333333334,0.8,Tested on Location
full_test_lc1,0.9565217391304348,0.7,0.8,0.7666666666666666,Tested on Location
full_test_lc1,0.9782608695652174,0.6,0.7333333333333333,0.6666666666666666,Tested on Location
full_test_lc1,1,0.26666666666666666,0.3333333333333333,0.3,Tested on Location
full_test_lc2,0,1,1,1,Tested on Location
full_test_lc2,0.02857142857142858,1,1,1,Tested on Location
full_test_lc2,0.05714285714285716,1,1,1,Tested on Location
full_test_lc2,0.08571428571428574,1,1,1,Tested on Location
full_test_lc2,0.11428571428571432,1,1,1,Tested on Location
full_test_lc2,0.1428571428571429,1,1,1,Tested on Location
full_test_lc2,0.17142857142857137,1,1,1,Tested on Location
full_test_lc2,0.19999999999999996,1,1,1,Tested on Location
full_test_lc2,0.22857142857142854,1,1,1,Tested on Location
full_test_lc2,0.2571428571428571,1,1,1,Tested on Location
full_test_lc2,0.2857142857142857,1,1,1,Tested on Location
full_test_lc2,0.3142857142857143,1,1,1,Tested on Location
full_test_lc2,0.34285714285714286,1,1,1,Tested on Location
full_test_lc2,0.37142857142857144,1,1,1,Tested on Location
full_test_lc2,0.4,0.9545454545454546,1,1,Tested on Location
full_test_lc2,0.4285714285714286,0.9090909090909091,1,1,Tested on Location
full_test_lc2,0.4571428571428572,0.9090909090909091,1,0.9318181818181819,Tested on Location
full_test_lc2,0.48571428571428577,0.9090909090909091,1,0.9090909090909091,Tested on Location
full_test_lc2,0.5142857142857142,0.9090909090909091,0.9545454545454546,0.9090909090909091,Tested on Location
full_test_lc2,0.5428571428571429,0.9090909090909091,0.9090909090909091,0.9090909090909091,Tested on Location
full_test_lc2,0.5714285714285714,0.9090909090909091,0.9090909090909091,0.9090909090909091,Tested on Location
full_test_lc2,0.6,0.9090909090909091,0.9090909090909091,0.9090909090909091,Tested on Location
full_test_lc2,0.6285714285714286,0.8977272727272727,0.9090909090909091,0.9090909090909091,Tested on Location
full_test_lc2,0.6571428571428571,0.8181818181818182,0.9090909090909091,0.9090909090909091,Tested on Location
full_test_lc2,0.6857142857142857,0.8181818181818182,0.9090909090909091,0.9090909090909091,Tested on Location
full_test_lc2,0.7142857142857143,0.8181818181818182,0.9090909090909091,0.9090909090909091,Tested on Location
full_test_lc2,0.7428571428571429,0.8181818181818182,0.9090909090909091,0.9090909090909091,Tested on Location
full_test_lc2,0.7714285714285715,0.8181818181818182,0.9090909090909091,0.9090909090909091,Tested on Location
full_test_lc2,0.8,0.8181818181818182,0.9090909090909091,0.9090909090909091,Tested on Location
full_test_lc2,0.8285714285714285,0.8181818181818182,0.9090909090909091,0.8636363636363636,Tested on Location
full_test_lc2,0.8571428571428572,0.7727272727272727,0.9090909090909091,0.8181818181818182,Tested on Location
full_test_lc2,0.8857142857142857,0.7272727272727273,0.8636363636363636,0.7727272727272727,Tested on Location
full_test_lc2,0.9142857142857143,0.6363636363636364,0.7727272727272727,0.7272727272727273,Tested on Location
full_test_lc2,0.9428571428571428,0.5909090909090908,0.7272727272727273,0.6818181818181819,Tested on Location
full_test_lc2,0.9714285714285714,0.40909090909090906,0.6363636363636364,0.5909090909090908,Tested on Location
full_test_lc2,1,0.13636363636363635,0.3181818181818182,0.22727272727272727,Tested on Location
full_test_p,0,1,1,1,Tested on Location
full_test_p,0.020000000000000018,1,1,1,Tested on Location
full_test_p,0.040000000000000036,1,1,1,Tested on Location
full_test_p,0.06000000000000005,1,1,1,Tested on Location
full_test_p,0.07999999999999996,1,1,1,Tested on Location
full_test_p,0.09999999999999998,0.8333333333333333,1,1,Tested on Location
full_test_p,0.12,0.6666666666666666,1,1,Tested on Location
full_test_p,0.14,0.6666666666666666,1,1,Tested on Location
full_test_p,0.16000000000000003,0.6666666666666666,1,1,Tested on Location
full_test_p,0.18000000000000005,0.6666666666666666,1,1,Tested on Location
full_test_p,0.19999999999999996,0.6666666666666666,1,1,Tested on Location
full_test_p,0.21999999999999997,0.6666666666666666,1,1,Tested on Location
full_test_p,0.24,0.6666666666666666,1,1,Tested on Location
full_test_p,0.26,0.6666666666666666,1,1,Tested on Location
full_test_p,0.28,0.6666666666666666,1,1,Tested on Location
full_test_p,0.30000000000000004,0.6666666666666666,1,1,Tested on Location
full_test_p,0.31999999999999995,0.6666666666666666,1,1,Tested on Location
full_test_p,0.33999999999999997,0.6666666666666666,1,0.9166666666666666,Tested on Location
full_test_p,0.36,0.6666666666666666,1,0.6666666666666666,Tested on Location
full_test_p,0.38,0.6666666666666666,1,0.6666666666666666,Tested on Location
full_test_p,0.4,0.6666666666666666,1,0.6666666666666666,Tested on Location
full_test_p,0.42000000000000004,0.6666666666666666,1,0.6666666666666666,Tested on Location
full_test_p,0.43999999999999995,0.6666666666666666,0.875,0.6666666666666666,Tested on Location
full_test_p,0.45999999999999996,0.6666666666666666,0.875,0.6666666666666666,Tested on Location
full_test_p,0.48,0.6666666666666666,0.6666666666666666,0.6666666666666666,Tested on Location
full_test_p,0.5,0.6666666666666666,0.6666666666666666,0.6666666666666666,Tested on Location
full_test_p,0.52,0.6666666666666666,0.6666666666666666,0.6666666666666666,Tested on Location
full_test_p,0.54,0.6666666666666666,0.6666666666666666,0.6666666666666666,Tested on Location
full_test_p,0.56,0.6666666666666666,0.6666666666666666,0.6666666666666666,Tested on Location
full_test_p,0.5800000000000001,0.6666666666666666,0.6666666666666666,0.6666666666666666,Tested on Location
full_test_p,0.6,0.6666666666666666,0.6666666666666666,0.6666666666666666,Tested on Location
full_test_p,0.62,0.6666666666666666,0.6666666666666666,0.6666666666666666,Tested on Location
full_test_p,0.64,0.6666666666666666,0.6666666666666666,0.6666666666666666,Tested on Location
full_test_p,0.6599999999999999,0.6666666666666666,0.6666666666666666,0.6666666666666666,Tested on Location
full_test_p,0.6799999999999999,0.6666666666666666,0.6666666666666666,0.6666666666666666,Tested on Location
full_test_p,0.7,0.5,0.6666666666666666,0.6666666666666666,Tested on Location
full_test_p,0.72,0.3333333333333333,0.6666666666666666,0.6666666666666666,Tested on Location
full_test_p,0.74,0.3333333333333333,0.6666666666666666,0.6666666666666666,Tested on Location
full_test_p,0.76,0.3333333333333333,0.6666666666666666,0.6666666666666666,Tested on Location
full_test_p,0.78,0.3333333333333333,0.6666666666666666,0.5,Tested on Location
full_test_p,0.8,0.3333333333333333,0.6666666666666666,0.3333333333333333,Tested on Location
full_test_p,0.8200000000000001,0.3333333333333333,0.6666666666666666,0.3333333333333333,Tested on Location
full_test_p,0.84,0.25,0.5,0.3333333333333333,Tested on Location
full_test_p,0.86,0,0.3333333333333333,0.3333333333333333,Tested on Location
full_test_p,0.88,0,0.3333333333333333,0.3333333333333333,Tested on Location
full_test_p,0.9,0,0.3333333333333333,0.3333333333333333,Tested on Location
full_test_p,0.92,0,0.3333333333333333,0.25,Tested on Location
full_test_p,0.94,0,0.3333333333333333,0,Tested on Location
full_test_p,0.96,0,0.3333333333333333,0,Tested on Location
full_test_p,0.98,0,0.16666666666666666,0,Tested on Location
full_test_p,1,0,0,0,Tested on Location
full_test_sc,0,1,1,1,Tested on Location
full_test_sc,0.030303030303030276,1,1,1,Tested on Location
full_test_sc,0.06060606060606055,1,1,1,Tested on Location
full_test_sc,0.09090909090909094,1,1,1,Tested on Location
full_test_sc,0.12121212121212122,1,1,1,Tested on Location
full_test_sc,0.1515151515151515,1,1,1,Tested on Location
full_test_sc,0.18181818181818177,1,1,1,Tested on Location
full_test_sc,0.21212121212121215,1,1,1,Tested on Location
full_test_sc,0.24242424242424243,1,1,1,Tested on Location
full_test_sc,0.2727272727272727,1,1,1,Tested on Location
full_test_sc,0.303030303030303,1,1,1,Tested on Location
full_test_sc,0.33333333333333337,1,1,1,Tested on Location
full_test_sc,0.36363636363636365,1,1,1,Tested on Location
full_test_sc,0.3939393939393939,0.9910714285714286,1,1,Tested on Location
full_test_sc,0.4242424242424242,0.9642857142857143,1,1,Tested on Location
full_test_sc,0.4545454545454546,0.9285714285714286,1,0.9642857142857143,Tested on Location
full_test_sc,0.48484848484848486,0.9285714285714286,0.9732142857142857,0.9285714285714286,Tested on Location
full_test_sc,0.5151515151515151,0.9285714285714286,0.9285714285714286,0.9285714285714286,Tested on Location
full_test_sc,0.5454545454545454,0.9285714285714286,0.9285714285714286,0.9285714285714286,Tested on Location
full_test_sc,0.5757575757575757,0.9285714285714286,0.9285714285714286,0.9285714285714286,Tested on Location
full_test_sc,0.6060606060606061,0.9285714285714286,0.9285714285714286,0.9285714285714286,Tested on Location
full_test_sc,0.6363636363636364,0.9285714285714286,0.9285714285714286,0.9285714285714286,Tested on Location
full_test_sc,0.6666666666666667,0.9285714285714286,0.9285714285714286,0.9285714285714286,Tested on Location
full_test_sc,0.696969696969697,0.8928571428571428,0.9285714285714286,0.9285714285714286,Tested on Location
full_test_sc,0.7272727272727273,0.8571428571428571,0.9285714285714286,0.9285714285714286,Tested on Location
full_test_sc,0.7575757575757576,0.8571428571428571,0.9285714285714286,0.9285714285714286,Tested on Location
full_test_sc,0.7878787878787878,0.8214285714285714,0.9285714285714286,0.8571428571428571,Tested on Location
full_test_sc,0.8181818181818181,0.7857142857142857,0.8571428571428571,0.7857142857142857,Tested on Location
full_test_sc,0.8484848484848485,0.7142857142857143,0.7857142857142857,0.7857142857142857,Tested on Location
full_test_sc,0.8787878787878788,0.6785714285714286,0.75,0.7142857142857143,Tested on Location
full_test_sc,0.9090909090909091,0.6071428571428572,0.7142857142857143,0.6785714285714286,Tested on Location
full_test_sc,0.9393939393939394,0.4642857142857143,0.6428571428571429,0.5357142857142857,Tested on Location
full_test_sc,0.9696969696969697,0.2857142857142857,0.5,0.42857142857142855,Tested on Location
full_test_sc,1,0.10714285714285714,0.21428571428571427,0.14285714285714285,Tested on Location
full_test_tcr,0,1,1,1,Tested on Location
full_test_tcr,0.016393442622950838,1,1,1,Tested on Location
full_test_tcr,0.032786885245901676,1,1,1,Tested on Location
full_test_tcr,0.049180327868852514,0.9,1,1,Tested on Location
full_test_tcr,0.06557377049180324,0.8,1,1,Tested on Location
full_test_tcr,0.08196721311475408,0.8,1,0.9,Tested on Location
full_test_tcr,0.09836065573770492,0.8,1,0.8,Tested on Location
full_test_tcr,0.11475409836065575,0.8,0.95,0.8,Tested on Location
full_test_tcr,0.1311475409836066,0.8,0.8500000000000001,0.8,Tested on Location
full_test_tcr,0.14754098360655743,0.8,0.8,0.8,Tested on Location
full_test_tcr,0.16393442622950816,0.8,0.8,0.8,Tested on Location
full_test_tcr,0.180327868852459,0.8,0.8,0.8,Tested on Location
full_test_tcr,0.19672131147540983,0.8,0.8,0.8,Tested on Location
full_test_tcr,0.21311475409836067,0.75,0.8,0.8,Tested on Location
full_test_tcr,0.2295081967213115,0.75,0.8,0.8,Tested on Location
full_test_tcr,0.24590163934426235,0.6,0.8,0.8,Tested on Location
full_test_tcr,0.2622950819672131,0.6,0.8,0.8,Tested on Location
full_test_tcr,0.2786885245901639,0.6,0.8,0.8,Tested on Location
full_test_tcr,0.29508196721311475,0.6,0.8,0.8,Tested on Location
full_test_tcr,0.3114754098360656,0.6,0.8,0.6,Tested on Location
full_test_tcr,0.3278688524590164,0.6,0.7,0.6,Tested on Location
full_test_tcr,0.34426229508196726,0.6,0.7,0.6,Tested on Location
full_test_tcr,0.360655737704918,0.6,0.6,0.6,Tested on Location
full_test_tcr,0.3770491803278688,0.6,0.6,0.6,Tested on Location
full_test_tcr,0.39344262295081966,0.6,0.6,0.6,Tested on Location
full_test_tcr,0.4098360655737705,0.6,0.6,0.6,Tested on Location
full_test_tcr,0.42622950819672134,0.6,0.6,0.6,Tested on Location
full_test_tcr,0.4426229508196722,0.6,0.6,0.6,Tested on Location
full_test_tcr,0.4590163934426229,0.6,0.6,0.6,Tested on Location
full_test_tcr,0.47540983606557374,0.6,0.6,0.6,Tested on Location
full_test_tcr,0.4918032786885246,0.6,0.6,0.6,Tested on Location
full_test_tcr,0.5081967213114754,0.475,0.6,0.6,Tested on Location
full_test_tcr,0.5245901639344263,0.475,0.6,0.6,Tested on Location
full_test_tcr,0.540983606557377,0.4,0.6,0.6,Tested on Location
full_test_tcr,0.5573770491803278,0.4,0.6,0.6,Tested on Location
full_test_tcr,0.5737704918032787,0.4,0.6,0.6,Tested on Location
full_test_tcr,0.5901639344262295,0.4,0.6,0.6,Tested on Location
full_test_tcr,0.6065573770491803,0.4,0.6,0.6,Tested on Location
full_test_tcr,0.6229508196721312,0.4,0.6,0.4,Tested on Location
full_test_tcr,0.639344262295082,0.4,0.6,0.4,Tested on Location
full_test_tcr,0.6557377049180328,0.4,0.6,0.4,Tested on Location
full_test_tcr,0.6721311475409837,0.4,0.6,0.4,Tested on Location
full_test_tcr,0.6885245901639344,0.4,0.45,0.4,Tested on Location
full_test_tcr,0.7049180327868853,0.4,0.4,0.4,Tested on Location
full_test_tcr,0.7213114754098361,0.4,0.4,0.4,Tested on Location
full_test_tcr,0.7377049180327868,0.4,0.4,0.4,Tested on Location
full_test_tcr,0.7540983606557377,0.4,0.4,0.4,Tested on Location
full_test_tcr,0.7704918032786885,0.4,0.4,0.4,Tested on Location
full_test_tcr,0.7868852459016393,0.4,0.4,0.4,Tested on Location
full_test_tcr,0.8032786885245902,0.4,0.4,0.4,Tested on Location
full_test_tcr,0.819672131147541,0.4,0.4,0.4,Tested on Location
full_test_tcr,0.8360655737704918,0.4,0.4,0.4,Tested on Location
full_test_tcr,0.8524590163934427,0.4,0.4,0.4,Tested on Location
full_test_tcr,0.8688524590163934,0.4,0.4,0.4,Tested on Location
full_test_tcr,0.8852459016393442,0.4,0.4,0.4,Tested on Location
full_test_tcr,0.9016393442622951,0.4,0.4,0.4,Tested on Location
full_test_tcr,0.9180327868852459,0.37500000000000006,0.4,0.4,Tested on Location
full_test_tcr,0.9344262295081968,0.2,0.4,0.30000000000000004,Tested on Location
full_test_tcr,0.9508196721311475,0.2,0.4,0.2,Tested on Location
full_test_tcr,0.9672131147540983,0.2,0.30000000000000004,0.2,Tested on Location
full_test_tcr,0.9836065573770492,0.2,0.2,0.2,Tested on Location
full_test_tcr,1,0,0.1,0.1,Tested on Location
full_test_trr,0,1,1,1,Tested on Location
full_test_trr,0.020408163265306145,1,1,1,Tested on Location
full_test_trr,0.04081632653061229,1,1,1,Tested on Location
full_test_trr,0.061224489795918324,0.9583333333333333,1,1,Tested on Location
full_test_trr,0.08163265306122447,0.9166666666666666,1,1,Tested on Location
full_test_trr,0.10204081632653061,0.9166666666666666,1,1,Tested on Location
full_test_trr,0.12244897959183676,0.9166666666666666,1,0.9583333333333333,Tested on Location
full_test_trr,0.1428571428571429,0.9166666666666666,1,0.9166666666666666,Tested on Location
full_test_trr,0.16326530612244894,0.9166666666666666,1,0.9166666666666666,Tested on Location
full_test_trr,0.18367346938775508,0.875,1,0.9166666666666666,Tested on Location
full_test_trr,0.20408163265306123,0.8333333333333334,0.9583333333333333,0.9166666666666666,Tested on Location
full_test_trr,0.22448979591836737,0.8333333333333334,0.9166666666666666,0.9166666666666666,Tested on Location
full_test_trr,0.24489795918367352,0.8333333333333334,0.9166666666666666,0.9166666666666666,Tested on Location
full_test_trr,0.26530612244897955,0.8333333333333334,0.9166666666666666,0.875,Tested on Location
full_test_trr,0.2857142857142857,0.8333333333333334,0.9166666666666666,0.8333333333333334,Tested on Location
full_test_trr,0.30612244897959184,0.8333333333333334,0.9166666666666666,0.8333333333333334,Tested on Location
full_test_trr,0.326530612244898,0.7916666666666667,0.9166666666666666,0.8333333333333334,Tested on Location
full_test_trr,0.34693877551020413,0.75,0.875,0.8333333333333334,Tested on Location
full_test_trr,0.36734693877551017,0.75,0.8333333333333334,0.7916666666666667,Tested on Location
full_test_trr,0.3877551020408163,0.75,0.8333333333333334,0.75,Tested on Location
full_test_trr,0.40816326530612246,0.7083333333333333,0.8333333333333334,0.75,Tested on Location
full_test_trr,0.4285714285714286,0.6666666666666666,0.8333333333333334,0.75,Tested on Location
full_test_trr,0.44897959183673475,0.6666666666666666,0.7916666666666667,0.75,Tested on Location
full_test_trr,0.4693877551020408,0.6666666666666666,0.75,0.7083333333333333,Tested on Location
full_test_trr,0.4897959183673469,0.6666666666666666,0.75,0.6666666666666666,Tested on Location
full_test_trr,0.5102040816326531,0.6666666666666666,0.75,0.6666666666666666,Tested on Location
full_test_trr,0.5306122448979591,0.625,0.7083333333333333,0.6666666666666666,Tested on Location
full_test_trr,0.5510204081632653,0.5833333333333334,0.6666666666666666,0.6666666666666666,Tested on Location
full_test_trr,0.5714285714285714,0.5833333333333334,0.6666666666666666,0.6666666666666666,Tested on Location
full_test_trr,0.5918367346938775,0.5833333333333334,0.6666666666666666,0.6666666666666666,Tested on Location
full_test_trr,0.6122448979591837,0.5833333333333334,0.6666666666666666,0.6666666666666666,Tested on Location
full_test_trr,0.6326530612244898,0.5833333333333334,0.6666666666666666,0.625,Tested on Location
full_test_trr,0.653061224489796,0.5833333333333334,0.6666666666666666,0.5833333333333334,Tested on Location
full_test_trr,0.6734693877551021,0.5833333333333334,0.6666666666666666,0.5833333333333334,Tested on Location
full_test_trr,0.6938775510204082,0.5833333333333334,0.6666666666666666,0.5833333333333334,Tested on Location
full_test_trr,0.7142857142857143,0.5833333333333334,0.6666666666666666,0.5833333333333334,Tested on Location
full_test_trr,0.7346938775510203,0.5833333333333334,0.6666666666666666,0.5833333333333334,Tested on Location
full_test_trr,0.7551020408163265,0.5833333333333334,0.625,0.5833333333333334,Tested on Location
full_test_trr,0.7755102040816326,0.5833333333333334,0.5833333333333334,0.5833333333333334,Tested on Location
full_test_trr,0.7959183673469388,0.5416666666666667,0.5833333333333334,0.5833333333333334,Tested on Location
full_test_trr,0.8163265306122449,0.5,0.5833333333333334,0.5833333333333334,Tested on Location
full_test_trr,0.8367346938775511,0.5,0.5833333333333334,0.5416666666666667,Tested on Location
full_test_trr,0.8571428571428572,0.45833333333333337,0.5833333333333334,0.5,Tested on Location
full_test_trr,0.8775510204081632,0.4166666666666667,0.5416666666666667,0.5,Tested on Location
full_test_trr,0.8979591836734694,0.3333333333333333,0.5,0.4166666666666667,Tested on Location
full_test_trr,0.9183673469387755,0.25,0.5,0.375,Tested on Location
full_test_trr,0.9387755102040817,0.20833333333333331,0.4166666666666667,0.29166666666666663,Tested on Location
full_test_trr,0.9591836734693877,0.08333333333333333,0.3333333333333333,0.20833333333333331,Tested on Location
full_test_trr,0.9795918367346939,0.041666666666666664,0.16666666666666666,0.08333333333333333,Tested on Location
full_test_trr,1,0,0.041666666666666664,0,Tested on Location
